Tournament Id,tournament Name,Match Id,Match Name,Stage Name,Group Name,Group Stage,Knockout Stage,Replayed,Replay,Match Date,Match Time,Stadium Id,Stadium Name,City Name,Country Name,Home Team Id,Home Team Name,Home Team Code,Away Team Id,Away Team Name,Away Team Code,Score,Home Team Score,Away Team Score,Home Team Score Margin,Away Team Score Margin,Extra Time,Penalty Shootout,Score Penalties,Home Team Score Penalties,Away Team Score Penalties,Result,Home Team Win,Away Team Win,Draw,Home Team Win Rate,Away Team Win Rate
WC-2006,2006 FIFA World Cup,M-2006-01,Germany v Costa Rica,group stage,Group A,1,0,0,0,6/9/2006,18:00,S-064,Allianz Arena,Munich,Germany,T-29,Germany,DEU,T-16,Costa Rica,CRI,42,4,2,2,-2,0,0,0-0,0,0,home team win,1,0,0,0.7037037037037037,0.2857142857142857
WC-2006,2006 FIFA World Cup,M-2006-02,Poland v Ecuador,group stage,Group A,1,0,0,0,6/9/2006,21:00,S-058,Arena AufShalke,Gelsenkirchen,Germany,T-55,Poland,POL,T-24,Ecuador,ECU,02,0,2,-2,2,0,0,0-0,0,0,away team win,0,1,0,0.3,0.4
WC-2006,2006 FIFA World Cup,M-2006-03,England v Paraguay,group stage,Group B,1,0,0,0,6/10/2006,15:00,S-057,Waldstadion,Frankfurt,Germany,T-27,England,ENG,T-53,Paraguay,PRY,10,1,0,1,-1,0,0,0-0,0,0,home team win,1,0,0,0.4583333333333333,0.375
WC-2006,2006 FIFA World Cup,M-2006-04,Trinidad and Tobago v Sweden,group stage,Group B,1,0,0,0,6/10/2006,18:00,S-055,Westfalenstadion,Dortmund,Germany,T-75,Trinidad and Tobago,TTO,T-72,Sweden,SWE,00,0,0,0,0,0,0,0-0,0,0,draw,0,0,1,0.0,0.4444444444444444
WC-2006,2006 FIFA World Cup,M-2006-05,Argentina v Ivory Coast,group stage,Group C,1,0,0,0,6/10/2006,21:00,S-060,Volksparkstadion,Hamburg,Germany,T-03,Argentina,ARG,T-40,Ivory Coast,CIV,21,2,1,1,-1,0,0,0-0,0,0,home team win,1,0,0,0.7142857142857143,0.3333333333333333
WC-2006,2006 FIFA World Cup,M-2006-06,Serbia and Montenegro v Netherlands,group stage,Group C,1,0,0,0,6/11/2006,15:00,S-063,Zentralstadion,Leipzig,Germany,T-65,Serbia and Montenegro,SCG,T-46,Netherlands,NLD,01,0,1,-1,1,0,0,0-0,0,0,away team win,0,1,0,0.0,0.7391304347826086
WC-2006,2006 FIFA World Cup,M-2006-07,Mexico v Iran,group stage,Group D,1,0,0,0,6/11/2006,18:00,S-066,Frankenstadion,Nuremberg,Germany,T-44,Mexico,MEX,T-36,Iran,IRN,31,3,1,2,-2,0,0,0-0,0,0,home team win,1,0,0,0.3684210526315789,0.16666666666666666
WC-2006,2006 FIFA World Cup,M-2006-08,Angola v Portugal,group stage,Group D,1,0,0,0,6/11/2006,21:00,S-054,RheinEnergieStadion,Cologne,Germany,T-02,Angola,AGO,T-56,Portugal,PRT,01,0,1,-1,1,0,0,0-0,0,0,away team win,0,1,0,0.0,0.4782608695652174
WC-2006,2006 FIFA World Cup,M-2006-09,Australia v Japan,group stage,Group F,1,0,0,0,6/12/2006,15:00,S-062,Fritz-Walter-Stadion,Kaiserslautern,Germany,T-04,Australia,AUS,T-42,Japan,JPN,31,3,1,2,-2,0,0,0-0,0,0,home team win,1,0,0,0.23529411764705882,0.2777777777777778
WC-2006,2006 FIFA World Cup,M-2006-10,United States v Czech Republic,group stage,Group E,1,0,0,0,6/12/2006,18:00,S-058,Arena AufShalke,Gelsenkirchen,Germany,T-80,United States,USA,T-19,Czech Republic,CZE,03,0,3,-3,3,0,0,0-0,0,0,away team win,0,1,0,0.2,0.3333333333333333
WC-2006,2006 FIFA World Cup,M-2006-11,Italy v Ghana,group stage,Group E,1,0,0,0,6/12/2006,21:00,S-061,Niedersachsenstadion,Hanover,Germany,T-39,Italy,ITA,T-30,Ghana,GHA,20,2,0,2,-2,0,0,0-0,0,0,home team win,1,0,0,0.5384615384615384,0.3333333333333333
WC-2006,2006 FIFA World Cup,M-2006-12,South Korea v Togo,group stage,Group G,1,0,0,0,6/13/2006,15:00,S-057,Waldstadion,Frankfurt,Germany,T-69,South Korea,KOR,T-74,Togo,TGO,21,2,1,1,-1,0,0,0-0,0,0,home team win,1,0,0,0.23529411764705882,0.0
WC-2006,2006 FIFA World Cup,M-2006-13,France v Switzerland,group stage,Group G,1,0,0,0,6/13/2006,18:00,S-067,Neckarstadion,Stuttgart,Germany,T-28,France,FRA,T-73,Switzerland,CHE,00,0,0,0,0,0,0,0-0,0,0,draw,0,0,1,0.6206896551724138,0.42105263157894735
WC-2006,2006 FIFA World Cup,M-2006-14,Brazil v Croatia,group stage,Group F,1,0,0,0,6/13/2006,21:00,S-053,Olympiastadion,Berlin,Germany,T-09,Brazil,BRA,T-17,Croatia,HRV,10,1,0,1,-1,0,0,0-0,0,0,home team win,1,0,0,0.6296296296296297,0.55
WC-2006,2006 FIFA World Cup,M-2006-15,Spain v Ukraine,group stage,Group H,1,0,0,0,6/14/2006,15:00,S-063,Zentralstadion,Leipzig,Germany,T-71,Spain,ESP,T-78,Ukraine,UKR,40,4,0,4,-4,0,0,0-0,0,0,home team win,1,0,0,0.5454545454545454,0.6
WC-2006,2006 FIFA World Cup,M-2006-16,Tunisia v Saudi Arabia,group stage,Group H,1,0,0,0,6/14/2006,18:00,S-064,Allianz Arena,Munich,Germany,T-76,Tunisia,TUN,T-61,Saudi Arabia,SAU,22,2,2,0,0,0,0,0-0,0,0,draw,0,0,1,0.2222222222222222,0.2222222222222222
WC-2006,2006 FIFA World Cup,M-2006-17,Germany v Poland,group stage,Group A,1,0,0,0,6/14/2006,21:00,S-055,Westfalenstadion,Dortmund,Germany,T-29,Germany,DEU,T-55,Poland,POL,10,1,0,1,-1,0,0,0-0,0,0,home team win,1,0,0,0.7037037037037037,0.3
WC-2006,2006 FIFA World Cup,M-2006-18,Ecuador v Costa Rica,group stage,Group A,1,0,0,0,6/15/2006,15:00,S-060,Volksparkstadion,Hamburg,Germany,T-24,Ecuador,ECU,T-16,Costa Rica,CRI,30,3,0,3,-3,0,0,0-0,0,0,home team win,1,0,0,0.4,0.2857142857142857
WC-2006,2006 FIFA World Cup,M-2006-19,England v Trinidad and Tobago,group stage,Group B,1,0,0,0,6/15/2006,18:00,S-066,Frankenstadion,Nuremberg,Germany,T-27,England,ENG,T-75,Trinidad and Tobago,TTO,20,2,0,2,-2,0,0,0-0,0,0,home team win,1,0,0,0.4583333333333333,0.0
WC-2006,2006 FIFA World Cup,M-2006-20,Sweden v Paraguay,group stage,Group B,1,0,0,0,6/15/2006,21:00,S-053,Olympiastadion,Berlin,Germany,T-72,Sweden,SWE,T-53,Paraguay,PRY,10,1,0,1,-1,0,0,0-0,0,0,home team win,1,0,0,0.4444444444444444,0.375
WC-2006,2006 FIFA World Cup,M-2006-21,Argentina v Serbia and Montenegro,group stage,Group C,1,0,0,0,6/16/2006,15:00,S-058,Arena AufShalke,Gelsenkirchen,Germany,T-03,Argentina,ARG,T-65,Serbia and Montenegro,SCG,60,6,0,6,-6,0,0,0-0,0,0,home team win,1,0,0,0.7142857142857143,0.0
WC-2006,2006 FIFA World Cup,M-2006-22,Netherlands v Ivory Coast,group stage,Group C,1,0,0,0,6/16/2006,18:00,S-067,Neckarstadion,Stuttgart,Germany,T-46,Netherlands,NLD,T-40,Ivory Coast,CIV,21,2,1,1,-1,0,0,0-0,0,0,home team win,1,0,0,0.7391304347826086,0.3333333333333333
WC-2006,2006 FIFA World Cup,M-2006-23,Mexico v Angola,group stage,Group D,1,0,0,0,6/16/2006,21:00,S-061,Niedersachsenstadion,Hanover,Germany,T-44,Mexico,MEX,T-02,Angola,AGO,00,0,0,0,0,0,0,0-0,0,0,draw,0,0,1,0.3684210526315789,0.0
WC-2006,2006 FIFA World Cup,M-2006-24,Portugal v Iran,group stage,Group D,1,0,0,0,6/17/2006,15:00,S-057,Waldstadion,Frankfurt,Germany,T-56,Portugal,PRT,T-36,Iran,IRN,20,2,0,2,-2,0,0,0-0,0,0,home team win,1,0,0,0.4782608695652174,0.16666666666666666
WC-2006,2006 FIFA World Cup,M-2006-25,Czech Republic v Ghana,group stage,Group E,1,0,0,0,6/17/2006,18:00,S-054,RheinEnergieStadion,Cologne,Germany,T-19,Czech Republic,CZE,T-30,Ghana,GHA,02,0,2,-2,2,0,0,0-0,0,0,away team win,0,1,0,0.3333333333333333,0.3333333333333333
WC-2006,2006 FIFA World Cup,M-2006-26,Italy v United States,group stage,Group E,1,0,0,0,6/17/2006,21:00,S-062,Fritz-Walter-Stadion,Kaiserslautern,Germany,T-39,Italy,ITA,T-80,United States,USA,11,1,1,0,0,0,0,0-0,0,0,draw,0,0,1,0.5384615384615384,0.2
WC-2006,2006 FIFA World Cup,M-2006-27,Japan v Croatia,group stage,Group F,1,0,0,0,6/18/2006,15:00,S-066,Frankenstadion,Nuremberg,Germany,T-42,Japan,JPN,T-17,Croatia,HRV,00,0,0,0,0,0,0,0-0,0,0,draw,0,0,1,0.2777777777777778,0.55
WC-2006,2006 FIFA World Cup,M-2006-28,Brazil v Australia,group stage,Group F,1,0,0,0,6/18/2006,18:00,S-064,Allianz Arena,Munich,Germany,T-09,Brazil,BRA,T-04,Australia,AUS,20,2,0,2,-2,0,0,0-0,0,0,home team win,1,0,0,0.6296296296296297,0.23529411764705882
WC-2006,2006 FIFA World Cup,M-2006-29,France v South Korea,group stage,Group G,1,0,0,0,6/18/2006,21:00,S-063,Zentralstadion,Leipzig,Germany,T-28,France,FRA,T-69,South Korea,KOR,11,1,1,0,0,0,0,0-0,0,0,draw,0,0,1,0.6206896551724138,0.23529411764705882
WC-2006,2006 FIFA World Cup,M-2006-30,Togo v Switzerland,group stage,Group G,1,0,0,0,6/19/2006,15:00,S-055,Westfalenstadion,Dortmund,Germany,T-74,Togo,TGO,T-73,Switzerland,CHE,02,0,2,-2,2,0,0,0-0,0,0,away team win,0,1,0,0.0,0.42105263157894735
WC-2006,2006 FIFA World Cup,M-2006-31,Saudi Arabia v Ukraine,group stage,Group H,1,0,0,0,6/19/2006,18:00,S-060,Volksparkstadion,Hamburg,Germany,T-61,Saudi Arabia,SAU,T-78,Ukraine,UKR,04,0,4,-4,4,0,0,0-0,0,0,away team win,0,1,0,0.2222222222222222,0.6
WC-2006,2006 FIFA World Cup,M-2006-32,Spain v Tunisia,group stage,Group H,1,0,0,0,6/19/2006,21:00,S-067,Neckarstadion,Stuttgart,Germany,T-71,Spain,ESP,T-76,Tunisia,TUN,31,3,1,2,-2,0,0,0-0,0,0,home team win,1,0,0,0.5454545454545454,0.2222222222222222
WC-2006,2006 FIFA World Cup,M-2006-33,Costa Rica v Poland,group stage,Group A,1,0,0,0,6/20/2006,16:00,S-061,Niedersachsenstadion,Hanover,Germany,T-16,Costa Rica,CRI,T-55,Poland,POL,12,1,2,-1,1,0,0,0-0,0,0,away team win,0,1,0,0.2857142857142857,0.3
WC-2006,2006 FIFA World Cup,M-2006-34,Ecuador v Germany,group stage,Group A,1,0,0,0,6/20/2006,16:00,S-053,Olympiastadion,Berlin,Germany,T-24,Ecuador,ECU,T-29,Germany,DEU,03,0,3,-3,3,0,0,0-0,0,0,away team win,0,1,0,0.4,0.7037037037037037
WC-2006,2006 FIFA World Cup,M-2006-35,Paraguay v Trinidad and Tobago,group stage,Group B,1,0,0,0,6/20/2006,21:00,S-062,Fritz-Walter-Stadion,Kaiserslautern,Germany,T-53,Paraguay,PRY,T-75,Trinidad and Tobago,TTO,20,2,0,2,-2,0,0,0-0,0,0,home team win,1,0,0,0.375,0.0
WC-2006,2006 FIFA World Cup,M-2006-36,Sweden v England,group stage,Group B,1,0,0,0,6/20/2006,21:00,S-054,RheinEnergieStadion,Cologne,Germany,T-72,Sweden,SWE,T-27,England,ENG,22,2,2,0,0,0,0,0-0,0,0,draw,0,0,1,0.4444444444444444,0.4583333333333333
WC-2006,2006 FIFA World Cup,M-2006-37,Iran v Angola,group stage,Group D,1,0,0,0,6/21/2006,16:00,S-063,Zentralstadion,Leipzig,Germany,T-36,Iran,IRN,T-02,Angola,AGO,11,1,1,0,0,0,0,0-0,0,0,draw,0,0,1,0.16666666666666666,0.0
WC-2006,2006 FIFA World Cup,M-2006-38,Portugal v Mexico,group stage,Group D,1,0,0,0,6/21/2006,16:00,S-058,Arena AufShalke,Gelsenkirchen,Germany,T-56,Portugal,PRT,T-44,Mexico,MEX,21,2,1,1,-1,0,0,0-0,0,0,home team win,1,0,0,0.4782608695652174,0.3684210526315789
WC-2006,2006 FIFA World Cup,M-2006-39,Ivory Coast v Serbia and Montenegro,group stage,Group C,1,0,0,0,6/21/2006,21:00,S-064,Allianz Arena,Munich,Germany,T-40,Ivory Coast,CIV,T-65,Serbia and Montenegro,SCG,32,3,2,1,-1,0,0,0-0,0,0,home team win,1,0,0,0.3333333333333333,0.0
WC-2006,2006 FIFA World Cup,M-2006-40,Netherlands v Argentina,group stage,Group C,1,0,0,0,6/21/2006,21:00,S-057,Waldstadion,Frankfurt,Germany,T-46,Netherlands,NLD,T-03,Argentina,ARG,00,0,0,0,0,0,0,0-0,0,0,draw,0,0,1,0.7391304347826086,0.7142857142857143
WC-2006,2006 FIFA World Cup,M-2006-41,Czech Republic v Italy,group stage,Group E,1,0,0,0,6/22/2006,16:00,S-060,Volksparkstadion,Hamburg,Germany,T-19,Czech Republic,CZE,T-39,Italy,ITA,02,0,2,-2,2,0,0,0-0,0,0,away team win,0,1,0,0.3333333333333333,0.5384615384615384
WC-2006,2006 FIFA World Cup,M-2006-42,Ghana v United States,group stage,Group E,1,0,0,0,6/22/2006,16:00,S-066,Frankenstadion,Nuremberg,Germany,T-30,Ghana,GHA,T-80,United States,USA,21,2,1,1,-1,0,0,0-0,0,0,home team win,1,0,0,0.3333333333333333,0.2
WC-2006,2006 FIFA World Cup,M-2006-43,Croatia v Australia,group stage,Group F,1,0,0,0,6/22/2006,21:00,S-067,Neckarstadion,Stuttgart,Germany,T-17,Croatia,HRV,T-04,Australia,AUS,22,2,2,0,0,0,0,0-0,0,0,draw,0,0,1,0.55,0.23529411764705882
WC-2006,2006 FIFA World Cup,M-2006-44,Japan v Brazil,group stage,Group F,1,0,0,0,6/22/2006,21:00,S-055,Westfalenstadion,Dortmund,Germany,T-42,Japan,JPN,T-09,Brazil,BRA,14,1,4,-3,3,0,0,0-0,0,0,away team win,0,1,0,0.2777777777777778,0.6296296296296297
WC-2006,2006 FIFA World Cup,M-2006-45,Saudi Arabia v Spain,group stage,Group H,1,0,0,0,6/23/2006,16:00,S-062,Fritz-Walter-Stadion,Kaiserslautern,Germany,T-61,Saudi Arabia,SAU,T-71,Spain,ESP,01,0,1,-1,1,0,0,0-0,0,0,away team win,0,1,0,0.2222222222222222,0.5454545454545454
WC-2006,2006 FIFA World Cup,M-2006-46,Ukraine v Tunisia,group stage,Group H,1,0,0,0,6/23/2006,16:00,S-053,Olympiastadion,Berlin,Germany,T-78,Ukraine,UKR,T-76,Tunisia,TUN,10,1,0,1,-1,0,0,0-0,0,0,home team win,1,0,0,0.6,0.2222222222222222
WC-2006,2006 FIFA World Cup,M-2006-47,Switzerland v South Korea,group stage,Group G,1,0,0,0,6/23/2006,21:00,S-061,Niedersachsenstadion,Hanover,Germany,T-73,Switzerland,CHE,T-69,South Korea,KOR,20,2,0,2,-2,0,0,0-0,0,0,home team win,1,0,0,0.42105263157894735,0.23529411764705882
WC-2006,2006 FIFA World Cup,M-2006-48,Togo v France,group stage,Group G,1,0,0,0,6/23/2006,21:00,S-054,RheinEnergieStadion,Cologne,Germany,T-74,Togo,TGO,T-28,France,FRA,02,0,2,-2,2,0,0,0-0,0,0,away team win,0,1,0,0.0,0.6206896551724138
WC-2006,2006 FIFA World Cup,M-2006-49,Germany v Sweden,round of 16,not applicable,0,1,0,0,6/24/2006,17:00,S-064,Allianz Arena,Munich,Germany,T-29,Germany,DEU,T-72,Sweden,SWE,20,2,0,2,-2,0,0,0-0,0,0,home team win,1,0,0,0.7037037037037037,0.4444444444444444
WC-2006,2006 FIFA World Cup,M-2006-50,Argentina v Mexico,round of 16,not applicable,0,1,0,0,6/24/2006,21:00,S-063,Zentralstadion,Leipzig,Germany,T-03,Argentina,ARG,T-44,Mexico,MEX,21,2,1,1,-1,1,0,0-0,0,0,home team win,1,0,0,0.7142857142857143,0.3684210526315789
WC-2006,2006 FIFA World Cup,M-2006-51,England v Ecuador,round of 16,not applicable,0,1,0,0,6/25/2006,17:00,S-067,Neckarstadion,Stuttgart,Germany,T-27,England,ENG,T-24,Ecuador,ECU,10,1,0,1,-1,0,0,0-0,0,0,home team win,1,0,0,0.4583333333333333,0.4
WC-2006,2006 FIFA World Cup,M-2006-52,Portugal v Netherlands,round of 16,not applicable,0,1,0,0,6/25/2006,21:00,S-066,Frankenstadion,Nuremberg,Germany,T-56,Portugal,PRT,T-46,Netherlands,NLD,10,1,0,1,-1,0,0,0-0,0,0,home team win,1,0,0,0.4782608695652174,0.7391304347826086
WC-2006,2006 FIFA World Cup,M-2006-53,Italy v Australia,round of 16,not applicable,0,1,0,0,6/26/2006,17:00,S-062,Fritz-Walter-Stadion,Kaiserslautern,Germany,T-39,Italy,ITA,T-04,Australia,AUS,10,1,0,1,-1,0,0,0-0,0,0,home team win,1,0,0,0.5384615384615384,0.23529411764705882
WC-2006,2006 FIFA World Cup,M-2006-54,Switzerland v Ukraine,round of 16,not applicable,0,1,0,0,6/26/2006,21:00,S-054,RheinEnergieStadion,Cologne,Germany,T-73,Switzerland,CHE,T-78,Ukraine,UKR,00,0,0,0,0,1,1,03,0,3,away team win,0,1,0,0.42105263157894735,0.6
WC-2006,2006 FIFA World Cup,M-2006-55,Brazil v Ghana,round of 16,not applicable,0,1,0,0,6/27/2006,17:00,S-055,Westfalenstadion,Dortmund,Germany,T-09,Brazil,BRA,T-30,Ghana,GHA,30,3,0,3,-3,0,0,0-0,0,0,home team win,1,0,0,0.6296296296296297,0.3333333333333333
WC-2006,2006 FIFA World Cup,M-2006-56,Spain v France,round of 16,not applicable,0,1,0,0,6/27/2006,21:00,S-061,Niedersachsenstadion,Hanover,Germany,T-71,Spain,ESP,T-28,France,FRA,13,1,3,-2,2,0,0,0-0,0,0,away team win,0,1,0,0.5454545454545454,0.6206896551724138
WC-2006,2006 FIFA World Cup,M-2006-57,Germany v Argentina,quarter-finals,not applicable,0,1,0,0,6/30/2006,17:00,S-053,Olympiastadion,Berlin,Germany,T-29,Germany,DEU,T-03,Argentina,ARG,11,1,1,0,0,1,1,42,4,2,home team win,1,0,0,0.7037037037037037,0.7142857142857143
WC-2006,2006 FIFA World Cup,M-2006-58,Italy v Ukraine,quarter-finals,not applicable,0,1,0,0,6/30/2006,21:00,S-060,Volksparkstadion,Hamburg,Germany,T-39,Italy,ITA,T-78,Ukraine,UKR,30,3,0,3,-3,0,0,0-0,0,0,home team win,1,0,0,0.5384615384615384,0.6
WC-2006,2006 FIFA World Cup,M-2006-59,England v Portugal,quarter-finals,not applicable,0,1,0,0,7/1/2006,17:00,S-058,Arena AufShalke,Gelsenkirchen,Germany,T-27,England,ENG,T-56,Portugal,PRT,00,0,0,0,0,1,1,13,1,3,away team win,0,1,0,0.4583333333333333,0.4782608695652174
WC-2006,2006 FIFA World Cup,M-2006-60,Brazil v France,quarter-finals,not applicable,0,1,0,0,7/1/2006,21:00,S-057,Waldstadion,Frankfurt,Germany,T-09,Brazil,BRA,T-28,France,FRA,01,0,1,-1,1,0,0,0-0,0,0,away team win,0,1,0,0.6296296296296297,0.6206896551724138
WC-2006,2006 FIFA World Cup,M-2006-61,Germany v Italy,semi-finals,not applicable,0,1,0,0,7/4/2006,21:00,S-055,Westfalenstadion,Dortmund,Germany,T-29,Germany,DEU,T-39,Italy,ITA,02,0,2,-2,2,1,0,0-0,0,0,away team win,0,1,0,0.7037037037037037,0.5384615384615384
WC-2006,2006 FIFA World Cup,M-2006-62,Portugal v France,semi-finals,not applicable,0,1,0,0,7/5/2006,21:00,S-064,Allianz Arena,Munich,Germany,T-56,Portugal,PRT,T-28,France,FRA,01,0,1,-1,1,0,0,0-0,0,0,away team win,0,1,0,0.4782608695652174,0.6206896551724138
WC-2006,2006 FIFA World Cup,M-2006-63,Germany v Portugal,third-place match,not applicable,0,1,0,0,7/8/2006,21:00,S-067,Neckarstadion,Stuttgart,Germany,T-29,Germany,DEU,T-56,Portugal,PRT,31,3,1,2,-2,0,0,0-0,0,0,home team win,1,0,0,0.7037037037037037,0.4782608695652174
WC-2006,2006 FIFA World Cup,M-2006-64,Italy v France,final,not applicable,0,1,0,0,7/9/2006,20:00,S-053,Olympiastadion,Berlin,Germany,T-39,Italy,ITA,T-28,France,FRA,11,1,1,0,0,1,1,53,5,3,home team win,1,0,0,0.5384615384615384,0.6206896551724138
WC-2010,2010 FIFA World Cup,M-2010-01,South Africa v Mexico,group stage,Group A,1,0,0,0,6/11/2010,16:00,S-131,Soccer City,Johannesburg,South Africa,T-68,South Africa,ZAF,T-44,Mexico,MEX,11,1,1,0,0,0,0,0-0,0,0,draw,0,0,1,0.3333333333333333,0.3684210526315789
WC-2010,2010 FIFA World Cup,M-2010-02,Uruguay v France,group stage,Group A,1,0,0,0,6/11/2010,20:30,S-128,Cape Town Stadium,Cape Town,South Africa,T-81,Uruguay,URY,T-28,France,FRA,00,0,0,0,0,0,0,0-0,0,0,draw,0,0,1,0.5789473684210527,0.6206896551724138
WC-2010,2010 FIFA World Cup,M-2010-03,South Korea v Greece,group stage,Group B,1,0,0,0,6/12/2010,13:30,S-134,Nelson Mandela Bay Stadium,Port Elizabeth,South Africa,T-69,South Korea,KOR,T-31,Greece,GRC,20,2,0,2,-2,0,0,0-0,0,0,home team win,1,0,0,0.23529411764705882,0.2857142857142857
WC-2010,2010 FIFA World Cup,M-2010-04,Argentina v Nigeria,group stage,Group B,1,0,0,0,6/12/2010,16:00,S-130,Ellis Park Stadium,Johannesburg,South Africa,T-03,Argentina,ARG,T-48,Nigeria,NGA,10,1,0,1,-1,0,0,0-0,0,0,home team win,1,0,0,0.7142857142857143,0.2
WC-2010,2010 FIFA World Cup,M-2010-05,England v United States,group stage,Group C,1,0,0,0,6/12/2010,20:30,S-136,Royal Bafokeng Stadium,Rustenburg,South Africa,T-27,England,ENG,T-80,United States,USA,11,1,1,0,0,0,0,0-0,0,0,draw,0,0,1,0.4583333333333333,0.2
WC-2010,2010 FIFA World Cup,M-2010-06,Algeria v Slovenia,group stage,Group C,1,0,0,0,6/13/2010,13:30,S-133,Peter Mokaba Stadium,Polokwane,South Africa,T-01,Algeria,DZA,T-67,Slovenia,SVN,01,0,1,-1,1,0,0,0-0,0,0,away team win,0,1,0,0.14285714285714285,0.3333333333333333
WC-2010,2010 FIFA World Cup,M-2010-07,Serbia v Ghana,group stage,Group D,1,0,0,0,6/13/2010,16:00,S-135,Loftus Versfeld Stadium,Pretoria,South Africa,T-64,Serbia,SRB,T-30,Ghana,GHA,01,0,1,-1,1,0,0,0-0,0,0,away team win,0,1,0,0.2222222222222222,0.3333333333333333
WC-2010,2010 FIFA World Cup,M-2010-08,Germany v Australia,group stage,Group D,1,0,0,0,6/13/2010,20:30,S-129,Moses Mabhida Stadium,Durban,South Africa,T-29,Germany,DEU,T-04,Australia,AUS,40,4,0,4,-4,0,0,0-0,0,0,home team win,1,0,0,0.7037037037037037,0.23529411764705882
WC-2010,2010 FIFA World Cup,M-2010-09,Netherlands v Denmark,group stage,Group E,1,0,0,0,6/14/2010,13:30,S-131,Soccer City,Johannesburg,South Africa,T-46,Netherlands,NLD,T-21,Denmark,DNK,20,2,0,2,-2,0,0,0-0,0,0,home team win,1,0,0,0.7391304347826086,0.2
WC-2010,2010 FIFA World Cup,M-2010-10,Japan v Cameroon,group stage,Group E,1,0,0,0,6/14/2010,16:00,S-127,Free State Stadium,Bloemfontein,South Africa,T-42,Japan,JPN,T-11,Cameroon,CMR,10,1,0,1,-1,0,0,0-0,0,0,home team win,1,0,0,0.2777777777777778,0.1111111111111111
WC-2010,2010 FIFA World Cup,M-2010-11,Italy v Paraguay,group stage,Group F,1,0,0,0,6/14/2010,20:30,S-128,Cape Town Stadium,Cape Town,South Africa,T-39,Italy,ITA,T-53,Paraguay,PRY,11,1,1,0,0,0,0,0-0,0,0,draw,0,0,1,0.5384615384615384,0.375
WC-2010,2010 FIFA World Cup,M-2010-12,New Zealand v Slovakia,group stage,Group F,1,0,0,0,6/15/2010,13:30,S-136,Royal Bafokeng Stadium,Rustenburg,South Africa,T-47,New Zealand,NZL,T-66,Slovakia,SVK,11,1,1,0,0,0,0,0-0,0,0,draw,0,0,1,0.0,0.25
WC-2010,2010 FIFA World Cup,M-2010-13,Ivory Coast v Portugal,group stage,Group G,1,0,0,0,6/15/2010,16:00,S-134,Nelson Mandela Bay Stadium,Port Elizabeth,South Africa,T-40,Ivory Coast,CIV,T-56,Portugal,PRT,00,0,0,0,0,0,0,0-0,0,0,draw,0,0,1,0.3333333333333333,0.4782608695652174
WC-2010,2010 FIFA World Cup,M-2010-14,Brazil v North Korea,group stage,Group G,1,0,0,0,6/15/2010,20:30,S-130,Ellis Park Stadium,Johannesburg,South Africa,T-09,Brazil,BRA,T-49,North Korea,PRK,21,2,1,1,-1,0,0,0-0,0,0,home team win,1,0,0,0.6296296296296297,0.0
WC-2010,2010 FIFA World Cup,M-2010-15,Honduras v Chile,group stage,Group H,1,0,0,0,6/16/2010,13:30,S-132,Mbombela Stadium,Nelspruit,South Africa,T-33,Honduras,HND,T-13,Chile,CHL,01,0,1,-1,1,0,0,0-0,0,0,away team win,0,1,0,0.0,0.5
WC-2010,2010 FIFA World Cup,M-2010-16,Spain v Switzerland,group stage,Group H,1,0,0,0,6/16/2010,16:00,S-129,Moses Mabhida Stadium,Durban,South Africa,T-71,Spain,ESP,T-73,Switzerland,CHE,01,0,1,-1,1,0,0,0-0,0,0,away team win,0,1,0,0.5454545454545454,0.42105263157894735
WC-2010,2010 FIFA World Cup,M-2010-17,South Africa v Uruguay,group stage,Group A,1,0,0,0,6/16/2010,20:30,S-135,Loftus Versfeld Stadium,Pretoria,South Africa,T-68,South Africa,ZAF,T-81,Uruguay,URY,03,0,3,-3,3,0,0,0-0,0,0,away team win,0,1,0,0.3333333333333333,0.5789473684210527
WC-2010,2010 FIFA World Cup,M-2010-18,Argentina v South Korea,group stage,Group B,1,0,0,0,6/17/2010,13:30,S-131,Soccer City,Johannesburg,South Africa,T-03,Argentina,ARG,T-69,South Korea,KOR,41,4,1,3,-3,0,0,0-0,0,0,home team win,1,0,0,0.7142857142857143,0.23529411764705882
WC-2010,2010 FIFA World Cup,M-2010-19,Greece v Nigeria,group stage,Group B,1,0,0,0,6/17/2010,16:00,S-127,Free State Stadium,Bloemfontein,South Africa,T-31,Greece,GRC,T-48,Nigeria,NGA,21,2,1,1,-1,0,0,0-0,0,0,home team win,1,0,0,0.2857142857142857,0.2
WC-2010,2010 FIFA World Cup,M-2010-20,France v Mexico,group stage,Group A,1,0,0,0,6/17/2010,20:30,S-133,Peter Mokaba Stadium,Polokwane,South Africa,T-28,France,FRA,T-44,Mexico,MEX,02,0,2,-2,2,0,0,0-0,0,0,away team win,0,1,0,0.6206896551724138,0.3684210526315789
WC-2010,2010 FIFA World Cup,M-2010-21,Germany v Serbia,group stage,Group D,1,0,0,0,6/18/2010,13:30,S-134,Nelson Mandela Bay Stadium,Port Elizabeth,South Africa,T-29,Germany,DEU,T-64,Serbia,SRB,01,0,1,-1,1,0,0,0-0,0,0,away team win,0,1,0,0.7037037037037037,0.2222222222222222
WC-2010,2010 FIFA World Cup,M-2010-22,Slovenia v United States,group stage,Group C,1,0,0,0,6/18/2010,16:00,S-130,Ellis Park Stadium,Johannesburg,South Africa,T-67,Slovenia,SVN,T-80,United States,USA,22,2,2,0,0,0,0,0-0,0,0,draw,0,0,1,0.3333333333333333,0.2
WC-2010,2010 FIFA World Cup,M-2010-23,England v Algeria,group stage,Group C,1,0,0,0,6/18/2010,20:30,S-128,Cape Town Stadium,Cape Town,South Africa,T-27,England,ENG,T-01,Algeria,DZA,00,0,0,0,0,0,0,0-0,0,0,draw,0,0,1,0.4583333333333333,0.14285714285714285
WC-2010,2010 FIFA World Cup,M-2010-24,Netherlands v Japan,group stage,Group E,1,0,0,0,6/19/2010,13:30,S-129,Moses Mabhida Stadium,Durban,South Africa,T-46,Netherlands,NLD,T-42,Japan,JPN,10,1,0,1,-1,0,0,0-0,0,0,home team win,1,0,0,0.7391304347826086,0.2777777777777778
WC-2010,2010 FIFA World Cup,M-2010-25,Ghana v Australia,group stage,Group D,1,0,0,0,6/19/2010,16:00,S-136,Royal Bafokeng Stadium,Rustenburg,South Africa,T-30,Ghana,GHA,T-04,Australia,AUS,11,1,1,0,0,0,0,0-0,0,0,draw,0,0,1,0.3333333333333333,0.23529411764705882
WC-2010,2010 FIFA World Cup,M-2010-26,Cameroon v Denmark,group stage,Group E,1,0,0,0,6/19/2010,20:30,S-135,Loftus Versfeld Stadium,Pretoria,South Africa,T-11,Cameroon,CMR,T-21,Denmark,DNK,12,1,2,-1,1,0,0,0-0,0,0,away team win,0,1,0,0.1111111111111111,0.2
WC-2010,2010 FIFA World Cup,M-2010-27,Slovakia v Paraguay,group stage,Group F,1,0,0,0,6/20/2010,13:30,S-127,Free State Stadium,Bloemfontein,South Africa,T-66,Slovakia,SVK,T-53,Paraguay,PRY,02,0,2,-2,2,0,0,0-0,0,0,away team win,0,1,0,0.25,0.375
WC-2010,2010 FIFA World Cup,M-2010-28,Italy v New Zealand,group stage,Group F,1,0,0,0,6/20/2010,16:00,S-132,Mbombela Stadium,Nelspruit,South Africa,T-39,Italy,ITA,T-47,New Zealand,NZL,11,1,1,0,0,0,0,0-0,0,0,draw,0,0,1,0.5384615384615384,0.0
WC-2010,2010 FIFA World Cup,M-2010-29,Brazil v Ivory Coast,group stage,Group G,1,0,0,0,6/20/2010,20:30,S-131,Soccer City,Johannesburg,South Africa,T-09,Brazil,BRA,T-40,Ivory Coast,CIV,31,3,1,2,-2,0,0,0-0,0,0,home team win,1,0,0,0.6296296296296297,0.3333333333333333
WC-2010,2010 FIFA World Cup,M-2010-30,Portugal v North Korea,group stage,Group G,1,0,0,0,6/21/2010,13:30,S-128,Cape Town Stadium,Cape Town,South Africa,T-56,Portugal,PRT,T-49,North Korea,PRK,70,7,0,7,-7,0,0,0-0,0,0,home team win,1,0,0,0.4782608695652174,0.0
WC-2010,2010 FIFA World Cup,M-2010-31,Chile v Switzerland,group stage,Group H,1,0,0,0,6/21/2010,16:00,S-134,Nelson Mandela Bay Stadium,Port Elizabeth,South Africa,T-13,Chile,CHL,T-73,Switzerland,CHE,10,1,0,1,-1,0,0,0-0,0,0,home team win,1,0,0,0.5,0.42105263157894735
WC-2010,2010 FIFA World Cup,M-2010-32,Spain v Honduras,group stage,Group H,1,0,0,0,6/21/2010,20:30,S-130,Ellis Park Stadium,Johannesburg,South Africa,T-71,Spain,ESP,T-33,Honduras,HND,20,2,0,2,-2,0,0,0-0,0,0,home team win,1,0,0,0.5454545454545454,0.0
WC-2010,2010 FIFA World Cup,M-2010-33,France v South Africa,group stage,Group A,1,0,0,0,6/22/2010,16:00,S-127,Free State Stadium,Bloemfontein,South Africa,T-28,France,FRA,T-68,South Africa,ZAF,12,1,2,-1,1,0,0,0-0,0,0,away team win,0,1,0,0.6206896551724138,0.3333333333333333
WC-2010,2010 FIFA World Cup,M-2010-34,Mexico v Uruguay,group stage,Group A,1,0,0,0,6/22/2010,16:00,S-136,Royal Bafokeng Stadium,Rustenburg,South Africa,T-44,Mexico,MEX,T-81,Uruguay,URY,01,0,1,-1,1,0,0,0-0,0,0,away team win,0,1,0,0.3684210526315789,0.5789473684210527
WC-2010,2010 FIFA World Cup,M-2010-35,Greece v Argentina,group stage,Group B,1,0,0,0,6/22/2010,20:30,S-133,Peter Mokaba Stadium,Polokwane,South Africa,T-31,Greece,GRC,T-03,Argentina,ARG,02,0,2,-2,2,0,0,0-0,0,0,away team win,0,1,0,0.2857142857142857,0.7142857142857143
WC-2010,2010 FIFA World Cup,M-2010-36,Nigeria v South Korea,group stage,Group B,1,0,0,0,6/22/2010,20:30,S-129,Moses Mabhida Stadium,Durban,South Africa,T-48,Nigeria,NGA,T-69,South Korea,KOR,22,2,2,0,0,0,0,0-0,0,0,draw,0,0,1,0.2,0.23529411764705882
WC-2010,2010 FIFA World Cup,M-2010-37,Slovenia v England,group stage,Group C,1,0,0,0,6/23/2010,16:00,S-134,Nelson Mandela Bay Stadium,Port Elizabeth,South Africa,T-67,Slovenia,SVN,T-27,England,ENG,01,0,1,-1,1,0,0,0-0,0,0,away team win,0,1,0,0.3333333333333333,0.4583333333333333
WC-2010,2010 FIFA World Cup,M-2010-38,United States v Algeria,group stage,Group C,1,0,0,0,6/23/2010,16:00,S-135,Loftus Versfeld Stadium,Pretoria,South Africa,T-80,United States,USA,T-01,Algeria,DZA,10,1,0,1,-1,0,0,0-0,0,0,home team win,1,0,0,0.2,0.14285714285714285
WC-2010,2010 FIFA World Cup,M-2010-39,Australia v Serbia,group stage,Group D,1,0,0,0,6/23/2010,20:30,S-132,Mbombela Stadium,Nelspruit,South Africa,T-04,Australia,AUS,T-64,Serbia,SRB,21,2,1,1,-1,0,0,0-0,0,0,home team win,1,0,0,0.23529411764705882,0.2222222222222222
WC-2010,2010 FIFA World Cup,M-2010-40,Ghana v Germany,group stage,Group D,1,0,0,0,6/23/2010,20:30,S-131,Soccer City,Johannesburg,South Africa,T-30,Ghana,GHA,T-29,Germany,DEU,01,0,1,-1,1,0,0,0-0,0,0,away team win,0,1,0,0.3333333333333333,0.7037037037037037
WC-2010,2010 FIFA World Cup,M-2010-41,Paraguay v New Zealand,group stage,Group F,1,0,0,0,6/24/2010,16:00,S-133,Peter Mokaba Stadium,Polokwane,South Africa,T-53,Paraguay,PRY,T-47,New Zealand,NZL,00,0,0,0,0,0,0,0-0,0,0,draw,0,0,1,0.375,0.0
WC-2010,2010 FIFA World Cup,M-2010-42,Slovakia v Italy,group stage,Group F,1,0,0,0,6/24/2010,16:00,S-130,Ellis Park Stadium,Johannesburg,South Africa,T-66,Slovakia,SVK,T-39,Italy,ITA,32,3,2,1,-1,0,0,0-0,0,0,home team win,1,0,0,0.25,0.5384615384615384
WC-2010,2010 FIFA World Cup,M-2010-43,Cameroon v Netherlands,group stage,Group E,1,0,0,0,6/24/2010,20:30,S-128,Cape Town Stadium,Cape Town,South Africa,T-11,Cameroon,CMR,T-46,Netherlands,NLD,12,1,2,-1,1,0,0,0-0,0,0,away team win,0,1,0,0.1111111111111111,0.7391304347826086
WC-2010,2010 FIFA World Cup,M-2010-44,Denmark v Japan,group stage,Group E,1,0,0,0,6/24/2010,20:30,S-136,Royal Bafokeng Stadium,Rustenburg,South Africa,T-21,Denmark,DNK,T-42,Japan,JPN,13,1,3,-2,2,0,0,0-0,0,0,away team win,0,1,0,0.2,0.2777777777777778
WC-2010,2010 FIFA World Cup,M-2010-45,North Korea v Ivory Coast,group stage,Group G,1,0,0,0,6/25/2010,16:00,S-132,Mbombela Stadium,Nelspruit,South Africa,T-49,North Korea,PRK,T-40,Ivory Coast,CIV,03,0,3,-3,3,0,0,0-0,0,0,away team win,0,1,0,0.0,0.3333333333333333
WC-2010,2010 FIFA World Cup,M-2010-46,Portugal v Brazil,group stage,Group G,1,0,0,0,6/25/2010,16:00,S-129,Moses Mabhida Stadium,Durban,South Africa,T-56,Portugal,PRT,T-09,Brazil,BRA,00,0,0,0,0,0,0,0-0,0,0,draw,0,0,1,0.4782608695652174,0.6296296296296297
WC-2010,2010 FIFA World Cup,M-2010-47,Chile v Spain,group stage,Group H,1,0,0,0,6/25/2010,20:30,S-135,Loftus Versfeld Stadium,Pretoria,South Africa,T-13,Chile,CHL,T-71,Spain,ESP,12,1,2,-1,1,0,0,0-0,0,0,away team win,0,1,0,0.5,0.5454545454545454
WC-2010,2010 FIFA World Cup,M-2010-48,Switzerland v Honduras,group stage,Group H,1,0,0,0,6/25/2010,20:30,S-127,Free State Stadium,Bloemfontein,South Africa,T-73,Switzerland,CHE,T-33,Honduras,HND,00,0,0,0,0,0,0,0-0,0,0,draw,0,0,1,0.42105263157894735,0.0
WC-2010,2010 FIFA World Cup,M-2010-49,Uruguay v South Korea,round of 16,not applicable,0,1,0,0,6/26/2010,16:00,S-134,Nelson Mandela Bay Stadium,Port Elizabeth,South Africa,T-81,Uruguay,URY,T-69,South Korea,KOR,21,2,1,1,-1,0,0,0-0,0,0,home team win,1,0,0,0.5789473684210527,0.23529411764705882
WC-2010,2010 FIFA World Cup,M-2010-50,United States v Ghana,round of 16,not applicable,0,1,0,0,6/26/2010,20:30,S-136,Royal Bafokeng Stadium,Rustenburg,South Africa,T-80,United States,USA,T-30,Ghana,GHA,12,1,2,-1,1,1,0,0-0,0,0,away team win,0,1,0,0.2,0.3333333333333333
WC-2010,2010 FIFA World Cup,M-2010-51,Germany v England,round of 16,not applicable,0,1,0,0,6/27/2010,16:00,S-127,Free State Stadium,Bloemfontein,South Africa,T-29,Germany,DEU,T-27,England,ENG,41,4,1,3,-3,0,0,0-0,0,0,home team win,1,0,0,0.7037037037037037,0.4583333333333333
WC-2010,2010 FIFA World Cup,M-2010-52,Argentina v Mexico,round of 16,not applicable,0,1,0,0,6/27/2010,20:30,S-131,Soccer City,Johannesburg,South Africa,T-03,Argentina,ARG,T-44,Mexico,MEX,31,3,1,2,-2,0,0,0-0,0,0,home team win,1,0,0,0.7142857142857143,0.3684210526315789
WC-2010,2010 FIFA World Cup,M-2010-53,Netherlands v Slovakia,round of 16,not applicable,0,1,0,0,6/28/2010,16:00,S-129,Moses Mabhida Stadium,Durban,South Africa,T-46,Netherlands,NLD,T-66,Slovakia,SVK,21,2,1,1,-1,0,0,0-0,0,0,home team win,1,0,0,0.7391304347826086,0.25
WC-2010,2010 FIFA World Cup,M-2010-54,Brazil v Chile,round of 16,not applicable,0,1,0,0,6/28/2010,20:30,S-130,Ellis Park Stadium,Johannesburg,South Africa,T-09,Brazil,BRA,T-13,Chile,CHL,30,3,0,3,-3,0,0,0-0,0,0,home team win,1,0,0,0.6296296296296297,0.5
WC-2010,2010 FIFA World Cup,M-2010-55,Paraguay v Japan,round of 16,not applicable,0,1,0,0,6/29/2010,16:00,S-135,Loftus Versfeld Stadium,Pretoria,South Africa,T-53,Paraguay,PRY,T-42,Japan,JPN,00,0,0,0,0,1,1,53,5,3,home team win,1,0,0,0.375,0.2777777777777778
WC-2010,2010 FIFA World Cup,M-2010-56,Spain v Portugal,round of 16,not applicable,0,1,0,0,6/29/2010,20:30,S-128,Cape Town Stadium,Cape Town,South Africa,T-71,Spain,ESP,T-56,Portugal,PRT,10,1,0,1,-1,0,0,0-0,0,0,home team win,1,0,0,0.5454545454545454,0.4782608695652174
WC-2010,2010 FIFA World Cup,M-2010-57,Netherlands v Brazil,quarter-finals,not applicable,0,1,0,0,7/2/2010,16:00,S-134,Nelson Mandela Bay Stadium,Port Elizabeth,South Africa,T-46,Netherlands,NLD,T-09,Brazil,BRA,21,2,1,1,-1,0,0,0-0,0,0,home team win,1,0,0,0.7391304347826086,0.6296296296296297
WC-2010,2010 FIFA World Cup,M-2010-58,Uruguay v Ghana,quarter-finals,not applicable,0,1,0,0,7/2/2010,20:30,S-131,Soccer City,Johannesburg,South Africa,T-81,Uruguay,URY,T-30,Ghana,GHA,11,1,1,0,0,1,1,42,4,2,home team win,1,0,0,0.5789473684210527,0.3333333333333333
WC-2010,2010 FIFA World Cup,M-2010-59,Argentina v Germany,quarter-finals,not applicable,0,1,0,0,7/3/2010,16:00,S-128,Cape Town Stadium,Cape Town,South Africa,T-03,Argentina,ARG,T-29,Germany,DEU,04,0,4,-4,4,0,0,0-0,0,0,away team win,0,1,0,0.7142857142857143,0.7037037037037037
WC-2010,2010 FIFA World Cup,M-2010-60,Paraguay v Spain,quarter-finals,not applicable,0,1,0,0,7/3/2010,20:30,S-130,Ellis Park Stadium,Johannesburg,South Africa,T-53,Paraguay,PRY,T-71,Spain,ESP,01,0,1,-1,1,0,0,0-0,0,0,away team win,0,1,0,0.375,0.5454545454545454
WC-2010,2010 FIFA World Cup,M-2010-61,Uruguay v Netherlands,semi-finals,not applicable,0,1,0,0,7/6/2010,20:30,S-128,Cape Town Stadium,Cape Town,South Africa,T-81,Uruguay,URY,T-46,Netherlands,NLD,23,2,3,-1,1,0,0,0-0,0,0,away team win,0,1,0,0.5789473684210527,0.7391304347826086
WC-2010,2010 FIFA World Cup,M-2010-62,Germany v Spain,semi-finals,not applicable,0,1,0,0,7/7/2010,20:30,S-129,Moses Mabhida Stadium,Durban,South Africa,T-29,Germany,DEU,T-71,Spain,ESP,01,0,1,-1,1,0,0,0-0,0,0,away team win,0,1,0,0.7037037037037037,0.5454545454545454
WC-2010,2010 FIFA World Cup,M-2010-63,Uruguay v Germany,third-place match,not applicable,0,1,0,0,7/10/2010,20:30,S-134,Nelson Mandela Bay Stadium,Port Elizabeth,South Africa,T-81,Uruguay,URY,T-29,Germany,DEU,23,2,3,-1,1,0,0,0-0,0,0,away team win,0,1,0,0.5789473684210527,0.7037037037037037
WC-2010,2010 FIFA World Cup,M-2010-64,Netherlands v Spain,final,not applicable,0,1,0,0,7/11/2010,20:30,S-131,Soccer City,Johannesburg,South Africa,T-46,Netherlands,NLD,T-71,Spain,ESP,01,0,1,-1,1,1,0,0-0,0,0,away team win,0,1,0,0.7391304347826086,0.5454545454545454
WC-2014,2014 FIFA World Cup,M-2014-01,Brazil v Croatia,group stage,Group A,1,0,0,0,6/12/2014,17:00,S-022,Arena Corinthians,São Paulo,Brazil,T-09,Brazil,BRA,T-17,Croatia,HRV,31,3,1,2,-2,0,0,0-0,0,0,home team win,1,0,0,0.6296296296296297,0.55
WC-2014,2014 FIFA World Cup,M-2014-02,Mexico v Cameroon,group stage,Group A,1,0,0,0,6/13/2014,13:00,S-015,Arena das Dunas,Natal,Brazil,T-44,Mexico,MEX,T-11,Cameroon,CMR,10,1,0,1,-1,0,0,0-0,0,0,home team win,1,0,0,0.3684210526315789,0.1111111111111111
WC-2014,2014 FIFA World Cup,M-2014-03,Spain v Netherlands,group stage,Group B,1,0,0,0,6/13/2014,16:00,S-021,Arena Fonte Nova,Salvador,Brazil,T-71,Spain,ESP,T-46,Netherlands,NLD,15,1,5,-4,4,0,0,0-0,0,0,away team win,0,1,0,0.5454545454545454,0.7391304347826086
WC-2014,2014 FIFA World Cup,M-2014-04,Chile v Australia,group stage,Group B,1,0,0,0,6/13/2014,18:00,S-010,Arena Pantanal,Cuiabá,Brazil,T-13,Chile,CHL,T-04,Australia,AUS,31,3,1,2,-2,0,0,0-0,0,0,home team win,1,0,0,0.5,0.23529411764705882
WC-2014,2014 FIFA World Cup,M-2014-05,Colombia v Greece,group stage,Group C,1,0,0,0,6/14/2014,13:00,S-008,Estádio Mineirão,Belo Horizonte,Brazil,T-15,Colombia,COL,T-31,Greece,GRC,30,3,0,3,-3,0,0,0-0,0,0,home team win,1,0,0,0.6666666666666666,0.2857142857142857
WC-2014,2014 FIFA World Cup,M-2014-06,Uruguay v Costa Rica,group stage,Group D,1,0,0,0,6/14/2014,16:00,S-013,Estádio Castelão,Fortaleza,Brazil,T-81,Uruguay,URY,T-16,Costa Rica,CRI,13,1,3,-2,2,0,0,0-0,0,0,away team win,0,1,0,0.5789473684210527,0.2857142857142857
WC-2014,2014 FIFA World Cup,M-2014-07,England v Italy,group stage,Group D,1,0,0,0,6/14/2014,18:00,S-014,Arena da Amazônia,Manaus,Brazil,T-27,England,ENG,T-39,Italy,ITA,12,1,2,-1,1,0,0,0-0,0,0,away team win,0,1,0,0.4583333333333333,0.5384615384615384
WC-2014,2014 FIFA World Cup,M-2014-08,Ivory Coast v Japan,group stage,Group C,1,0,0,0,6/14/2014,22:00,S-018,Arena Pernambuco,Recife,Brazil,T-40,Ivory Coast,CIV,T-42,Japan,JPN,21,2,1,1,-1,0,0,0-0,0,0,home team win,1,0,0,0.3333333333333333,0.2777777777777778
WC-2014,2014 FIFA World Cup,M-2014-09,Switzerland v Ecuador,group stage,Group E,1,0,0,0,6/15/2014,13:00,S-009,Estádio Nacional,Brasília,Brazil,T-73,Switzerland,CHE,T-24,Ecuador,ECU,21,2,1,1,-1,0,0,0-0,0,0,home team win,1,0,0,0.42105263157894735,0.4
WC-2014,2014 FIFA World Cup,M-2014-10,France v Honduras,group stage,Group E,1,0,0,0,6/15/2014,16:00,S-016,Estádio Beira-Rio,Porto Alegre,Brazil,T-28,France,FRA,T-33,Honduras,HND,30,3,0,3,-3,0,0,0-0,0,0,home team win,1,0,0,0.6206896551724138,0.0
WC-2014,2014 FIFA World Cup,M-2014-11,Argentina v Bosnia and Herzegovina,group stage,Group F,1,0,0,0,6/15/2014,19:00,S-020,Estádio do Maracanã,Rio de Janeiro,Brazil,T-03,Argentina,ARG,T-08,Bosnia and Herzegovina,BIH,21,2,1,1,-1,0,0,0-0,0,0,home team win,1,0,0,0.7142857142857143,0.3333333333333333
WC-2014,2014 FIFA World Cup,M-2014-12,Germany v Portugal,group stage,Group G,1,0,0,0,6/16/2014,13:00,S-021,Arena Fonte Nova,Salvador,Brazil,T-29,Germany,DEU,T-56,Portugal,PRT,40,4,0,4,-4,0,0,0-0,0,0,home team win,1,0,0,0.7037037037037037,0.4782608695652174
WC-2014,2014 FIFA World Cup,M-2014-13,Iran v Nigeria,group stage,Group F,1,0,0,0,6/16/2014,16:00,S-011,Arena da Baixada,Curitiba,Brazil,T-36,Iran,IRN,T-48,Nigeria,NGA,00,0,0,0,0,0,0,0-0,0,0,draw,0,0,1,0.16666666666666666,0.2
WC-2014,2014 FIFA World Cup,M-2014-14,Ghana v United States,group stage,Group G,1,0,0,0,6/16/2014,19:00,S-015,Arena das Dunas,Natal,Brazil,T-30,Ghana,GHA,T-80,United States,USA,12,1,2,-1,1,0,0,0-0,0,0,away team win,0,1,0,0.3333333333333333,0.2
WC-2014,2014 FIFA World Cup,M-2014-15,Belgium v Algeria,group stage,Group H,1,0,0,0,6/17/2014,13:00,S-008,Estádio Mineirão,Belo Horizonte,Brazil,T-06,Belgium,BEL,T-01,Algeria,DZA,21,2,1,1,-1,0,0,0-0,0,0,home team win,1,0,0,0.7333333333333333,0.14285714285714285
WC-2014,2014 FIFA World Cup,M-2014-16,Brazil v Mexico,group stage,Group A,1,0,0,0,6/17/2014,16:00,S-013,Estádio Castelão,Fortaleza,Brazil,T-09,Brazil,BRA,T-44,Mexico,MEX,00,0,0,0,0,0,0,0-0,0,0,draw,0,0,1,0.6296296296296297,0.3684210526315789
WC-2014,2014 FIFA World Cup,M-2014-17,Russia v South Korea,group stage,Group H,1,0,0,0,6/17/2014,18:00,S-010,Arena Pantanal,Cuiabá,Brazil,T-60,Russia,RUS,T-69,South Korea,KOR,11,1,1,0,0,0,0,0-0,0,0,draw,0,0,1,0.375,0.23529411764705882
WC-2014,2014 FIFA World Cup,M-2014-18,Australia v Netherlands,group stage,Group B,1,0,0,0,6/18/2014,13:00,S-016,Estádio Beira-Rio,Porto Alegre,Brazil,T-04,Australia,AUS,T-46,Netherlands,NLD,23,2,3,-1,1,0,0,0-0,0,0,away team win,0,1,0,0.23529411764705882,0.7391304347826086
WC-2014,2014 FIFA World Cup,M-2014-19,Spain v Chile,group stage,Group B,1,0,0,0,6/18/2014,16:00,S-020,Estádio do Maracanã,Rio de Janeiro,Brazil,T-71,Spain,ESP,T-13,Chile,CHL,02,0,2,-2,2,0,0,0-0,0,0,away team win,0,1,0,0.5454545454545454,0.5
WC-2014,2014 FIFA World Cup,M-2014-20,Cameroon v Croatia,group stage,Group A,1,0,0,0,6/18/2014,18:00,S-014,Arena da Amazônia,Manaus,Brazil,T-11,Cameroon,CMR,T-17,Croatia,HRV,04,0,4,-4,4,0,0,0-0,0,0,away team win,0,1,0,0.1111111111111111,0.55
WC-2014,2014 FIFA World Cup,M-2014-21,Colombia v Ivory Coast,group stage,Group C,1,0,0,0,6/19/2014,13:00,S-009,Estádio Nacional,Brasília,Brazil,T-15,Colombia,COL,T-40,Ivory Coast,CIV,21,2,1,1,-1,0,0,0-0,0,0,home team win,1,0,0,0.6666666666666666,0.3333333333333333
WC-2014,2014 FIFA World Cup,M-2014-22,Uruguay v England,group stage,Group D,1,0,0,0,6/19/2014,16:00,S-022,Arena Corinthians,São Paulo,Brazil,T-81,Uruguay,URY,T-27,England,ENG,21,2,1,1,-1,0,0,0-0,0,0,home team win,1,0,0,0.5789473684210527,0.4583333333333333
WC-2014,2014 FIFA World Cup,M-2014-23,Japan v Greece,group stage,Group C,1,0,0,0,6/19/2014,19:00,S-015,Arena das Dunas,Natal,Brazil,T-42,Japan,JPN,T-31,Greece,GRC,00,0,0,0,0,0,0,0-0,0,0,draw,0,0,1,0.2777777777777778,0.2857142857142857
WC-2014,2014 FIFA World Cup,M-2014-24,Italy v Costa Rica,group stage,Group D,1,0,0,0,6/20/2014,13:00,S-018,Arena Pernambuco,Recife,Brazil,T-39,Italy,ITA,T-16,Costa Rica,CRI,01,0,1,-1,1,0,0,0-0,0,0,away team win,0,1,0,0.5384615384615384,0.2857142857142857
WC-2014,2014 FIFA World Cup,M-2014-25,Switzerland v France,group stage,Group E,1,0,0,0,6/20/2014,16:00,S-021,Arena Fonte Nova,Salvador,Brazil,T-73,Switzerland,CHE,T-28,France,FRA,25,2,5,-3,3,0,0,0-0,0,0,away team win,0,1,0,0.42105263157894735,0.6206896551724138
WC-2014,2014 FIFA World Cup,M-2014-26,Honduras v Ecuador,group stage,Group E,1,0,0,0,6/20/2014,19:00,S-011,Arena da Baixada,Curitiba,Brazil,T-33,Honduras,HND,T-24,Ecuador,ECU,12,1,2,-1,1,0,0,0-0,0,0,away team win,0,1,0,0.0,0.4
WC-2014,2014 FIFA World Cup,M-2014-27,Argentina v Iran,group stage,Group F,1,0,0,0,6/21/2014,13:00,S-008,Estádio Mineirão,Belo Horizonte,Brazil,T-03,Argentina,ARG,T-36,Iran,IRN,10,1,0,1,-1,0,0,0-0,0,0,home team win,1,0,0,0.7142857142857143,0.16666666666666666
WC-2014,2014 FIFA World Cup,M-2014-28,Germany v Ghana,group stage,Group G,1,0,0,0,6/21/2014,16:00,S-013,Estádio Castelão,Fortaleza,Brazil,T-29,Germany,DEU,T-30,Ghana,GHA,22,2,2,0,0,0,0,0-0,0,0,draw,0,0,1,0.7037037037037037,0.3333333333333333
WC-2014,2014 FIFA World Cup,M-2014-29,Nigeria v Bosnia and Herzegovina,group stage,Group F,1,0,0,0,6/21/2014,18:00,S-010,Arena Pantanal,Cuiabá,Brazil,T-48,Nigeria,NGA,T-08,Bosnia and Herzegovina,BIH,10,1,0,1,-1,0,0,0-0,0,0,home team win,1,0,0,0.2,0.3333333333333333
WC-2014,2014 FIFA World Cup,M-2014-30,Belgium v Russia,group stage,Group H,1,0,0,0,6/22/2014,13:00,S-020,Estádio do Maracanã,Rio de Janeiro,Brazil,T-06,Belgium,BEL,T-60,Russia,RUS,10,1,0,1,-1,0,0,0-0,0,0,home team win,1,0,0,0.7333333333333333,0.375
WC-2014,2014 FIFA World Cup,M-2014-31,South Korea v Algeria,group stage,Group H,1,0,0,0,6/22/2014,16:00,S-016,Estádio Beira-Rio,Porto Alegre,Brazil,T-69,South Korea,KOR,T-01,Algeria,DZA,24,2,4,-2,2,0,0,0-0,0,0,away team win,0,1,0,0.23529411764705882,0.14285714285714285
WC-2014,2014 FIFA World Cup,M-2014-32,United States v Portugal,group stage,Group G,1,0,0,0,6/22/2014,18:00,S-014,Arena da Amazônia,Manaus,Brazil,T-80,United States,USA,T-56,Portugal,PRT,22,2,2,0,0,0,0,0-0,0,0,draw,0,0,1,0.2,0.4782608695652174
WC-2014,2014 FIFA World Cup,M-2014-33,Australia v Spain,group stage,Group B,1,0,0,0,6/23/2014,13:00,S-011,Arena da Baixada,Curitiba,Brazil,T-04,Australia,AUS,T-71,Spain,ESP,03,0,3,-3,3,0,0,0-0,0,0,away team win,0,1,0,0.23529411764705882,0.5454545454545454
WC-2014,2014 FIFA World Cup,M-2014-34,Netherlands v Chile,group stage,Group B,1,0,0,0,6/23/2014,13:00,S-022,Arena Corinthians,São Paulo,Brazil,T-46,Netherlands,NLD,T-13,Chile,CHL,20,2,0,2,-2,0,0,0-0,0,0,home team win,1,0,0,0.7391304347826086,0.5
WC-2014,2014 FIFA World Cup,M-2014-35,Cameroon v Brazil,group stage,Group A,1,0,0,0,6/23/2014,17:00,S-009,Estádio Nacional,Brasília,Brazil,T-11,Cameroon,CMR,T-09,Brazil,BRA,14,1,4,-3,3,0,0,0-0,0,0,away team win,0,1,0,0.1111111111111111,0.6296296296296297
WC-2014,2014 FIFA World Cup,M-2014-36,Croatia v Mexico,group stage,Group A,1,0,0,0,6/23/2014,17:00,S-018,Arena Pernambuco,Recife,Brazil,T-17,Croatia,HRV,T-44,Mexico,MEX,13,1,3,-2,2,0,0,0-0,0,0,away team win,0,1,0,0.55,0.3684210526315789
WC-2014,2014 FIFA World Cup,M-2014-37,Costa Rica v England,group stage,Group D,1,0,0,0,6/24/2014,13:00,S-008,Estádio Mineirão,Belo Horizonte,Brazil,T-16,Costa Rica,CRI,T-27,England,ENG,00,0,0,0,0,0,0,0-0,0,0,draw,0,0,1,0.2857142857142857,0.4583333333333333
WC-2014,2014 FIFA World Cup,M-2014-38,Italy v Uruguay,group stage,Group D,1,0,0,0,6/24/2014,13:00,S-015,Arena das Dunas,Natal,Brazil,T-39,Italy,ITA,T-81,Uruguay,URY,01,0,1,-1,1,0,0,0-0,0,0,away team win,0,1,0,0.5384615384615384,0.5789473684210527
WC-2014,2014 FIFA World Cup,M-2014-39,Japan v Colombia,group stage,Group C,1,0,0,0,6/24/2014,16:00,S-010,Arena Pantanal,Cuiabá,Brazil,T-42,Japan,JPN,T-15,Colombia,COL,14,1,4,-3,3,0,0,0-0,0,0,away team win,0,1,0,0.2777777777777778,0.6666666666666666
WC-2014,2014 FIFA World Cup,M-2014-40,Greece v Ivory Coast,group stage,Group C,1,0,0,0,6/24/2014,17:00,S-013,Estádio Castelão,Fortaleza,Brazil,T-31,Greece,GRC,T-40,Ivory Coast,CIV,21,2,1,1,-1,0,0,0-0,0,0,home team win,1,0,0,0.2857142857142857,0.3333333333333333
WC-2014,2014 FIFA World Cup,M-2014-41,Bosnia and Herzegovina v Iran,group stage,Group F,1,0,0,0,6/25/2014,13:00,S-021,Arena Fonte Nova,Salvador,Brazil,T-08,Bosnia and Herzegovina,BIH,T-36,Iran,IRN,31,3,1,2,-2,0,0,0-0,0,0,home team win,1,0,0,0.3333333333333333,0.16666666666666666
WC-2014,2014 FIFA World Cup,M-2014-42,Nigeria v Argentina,group stage,Group F,1,0,0,0,6/25/2014,13:00,S-016,Estádio Beira-Rio,Porto Alegre,Brazil,T-48,Nigeria,NGA,T-03,Argentina,ARG,23,2,3,-1,1,0,0,0-0,0,0,away team win,0,1,0,0.2,0.7142857142857143
WC-2014,2014 FIFA World Cup,M-2014-43,Honduras v Switzerland,group stage,Group E,1,0,0,0,6/25/2014,16:00,S-014,Arena da Amazônia,Manaus,Brazil,T-33,Honduras,HND,T-73,Switzerland,CHE,03,0,3,-3,3,0,0,0-0,0,0,away team win,0,1,0,0.0,0.42105263157894735
WC-2014,2014 FIFA World Cup,M-2014-44,Ecuador v France,group stage,Group E,1,0,0,0,6/25/2014,17:00,S-020,Estádio do Maracanã,Rio de Janeiro,Brazil,T-24,Ecuador,ECU,T-28,France,FRA,00,0,0,0,0,0,0,0-0,0,0,draw,0,0,1,0.4,0.6206896551724138
WC-2014,2014 FIFA World Cup,M-2014-45,Portugal v Ghana,group stage,Group G,1,0,0,0,6/26/2014,13:00,S-009,Estádio Nacional,Brasília,Brazil,T-56,Portugal,PRT,T-30,Ghana,GHA,21,2,1,1,-1,0,0,0-0,0,0,home team win,1,0,0,0.4782608695652174,0.3333333333333333
WC-2014,2014 FIFA World Cup,M-2014-46,United States v Germany,group stage,Group G,1,0,0,0,6/26/2014,13:00,S-018,Arena Pernambuco,Recife,Brazil,T-80,United States,USA,T-29,Germany,DEU,01,0,1,-1,1,0,0,0-0,0,0,away team win,0,1,0,0.2,0.7037037037037037
WC-2014,2014 FIFA World Cup,M-2014-47,Algeria v Russia,group stage,Group H,1,0,0,0,6/26/2014,17:00,S-011,Arena da Baixada,Curitiba,Brazil,T-01,Algeria,DZA,T-60,Russia,RUS,11,1,1,0,0,0,0,0-0,0,0,draw,0,0,1,0.14285714285714285,0.375
WC-2014,2014 FIFA World Cup,M-2014-48,South Korea v Belgium,group stage,Group H,1,0,0,0,6/26/2014,17:00,S-022,Arena Corinthians,São Paulo,Brazil,T-69,South Korea,KOR,T-06,Belgium,BEL,01,0,1,-1,1,0,0,0-0,0,0,away team win,0,1,0,0.23529411764705882,0.7333333333333333
WC-2014,2014 FIFA World Cup,M-2014-49,Brazil v Chile,round of 16,not applicable,0,1,0,0,6/28/2014,13:00,S-008,Estádio Mineirão,Belo Horizonte,Brazil,T-09,Brazil,BRA,T-13,Chile,CHL,11,1,1,0,0,1,1,32,3,2,home team win,1,0,0,0.6296296296296297,0.5
WC-2014,2014 FIFA World Cup,M-2014-50,Colombia v Uruguay,round of 16,not applicable,0,1,0,0,6/28/2014,17:00,S-020,Estádio do Maracanã,Rio de Janeiro,Brazil,T-15,Colombia,COL,T-81,Uruguay,URY,20,2,0,2,-2,0,0,0-0,0,0,home team win,1,0,0,0.6666666666666666,0.5789473684210527
WC-2014,2014 FIFA World Cup,M-2014-51,Netherlands v Mexico,round of 16,not applicable,0,1,0,0,6/29/2014,13:00,S-013,Estádio Castelão,Fortaleza,Brazil,T-46,Netherlands,NLD,T-44,Mexico,MEX,21,2,1,1,-1,0,0,0-0,0,0,home team win,1,0,0,0.7391304347826086,0.3684210526315789
WC-2014,2014 FIFA World Cup,M-2014-52,Costa Rica v Greece,round of 16,not applicable,0,1,0,0,6/29/2014,17:00,S-018,Arena Pernambuco,Recife,Brazil,T-16,Costa Rica,CRI,T-31,Greece,GRC,11,1,1,0,0,1,1,53,5,3,home team win,1,0,0,0.2857142857142857,0.2857142857142857
WC-2014,2014 FIFA World Cup,M-2014-53,France v Nigeria,round of 16,not applicable,0,1,0,0,6/30/2014,13:00,S-009,Estádio Nacional,Brasília,Brazil,T-28,France,FRA,T-48,Nigeria,NGA,20,2,0,2,-2,0,0,0-0,0,0,home team win,1,0,0,0.6206896551724138,0.2
WC-2014,2014 FIFA World Cup,M-2014-54,Germany v Algeria,round of 16,not applicable,0,1,0,0,6/30/2014,17:00,S-016,Estádio Beira-Rio,Porto Alegre,Brazil,T-29,Germany,DEU,T-01,Algeria,DZA,21,2,1,1,-1,1,0,0-0,0,0,home team win,1,0,0,0.7037037037037037,0.14285714285714285
WC-2014,2014 FIFA World Cup,M-2014-55,Argentina v Switzerland,round of 16,not applicable,0,1,0,0,7/1/2014,13:00,S-022,Arena Corinthians,São Paulo,Brazil,T-03,Argentina,ARG,T-73,Switzerland,CHE,10,1,0,1,-1,1,0,0-0,0,0,home team win,1,0,0,0.7142857142857143,0.42105263157894735
WC-2014,2014 FIFA World Cup,M-2014-56,Belgium v United States,round of 16,not applicable,0,1,0,0,7/1/2014,17:00,S-021,Arena Fonte Nova,Salvador,Brazil,T-06,Belgium,BEL,T-80,United States,USA,21,2,1,1,-1,1,0,0-0,0,0,home team win,1,0,0,0.7333333333333333,0.2
WC-2014,2014 FIFA World Cup,M-2014-57,France v Germany,quarter-finals,not applicable,0,1,0,0,7/4/2014,13:00,S-020,Estádio do Maracanã,Rio de Janeiro,Brazil,T-28,France,FRA,T-29,Germany,DEU,01,0,1,-1,1,0,0,0-0,0,0,away team win,0,1,0,0.6206896551724138,0.7037037037037037
WC-2014,2014 FIFA World Cup,M-2014-58,Brazil v Colombia,quarter-finals,not applicable,0,1,0,0,7/4/2014,17:00,S-013,Estádio Castelão,Fortaleza,Brazil,T-09,Brazil,BRA,T-15,Colombia,COL,21,2,1,1,-1,0,0,0-0,0,0,home team win,1,0,0,0.6296296296296297,0.6666666666666666
WC-2014,2014 FIFA World Cup,M-2014-59,Argentina v Belgium,quarter-finals,not applicable,0,1,0,0,7/5/2014,13:00,S-009,Estádio Nacional,Brasília,Brazil,T-03,Argentina,ARG,T-06,Belgium,BEL,10,1,0,1,-1,0,0,0-0,0,0,home team win,1,0,0,0.7142857142857143,0.7333333333333333
WC-2014,2014 FIFA World Cup,M-2014-60,Netherlands v Costa Rica,quarter-finals,not applicable,0,1,0,0,7/5/2014,17:00,S-021,Arena Fonte Nova,Salvador,Brazil,T-46,Netherlands,NLD,T-16,Costa Rica,CRI,00,0,0,0,0,1,1,43,4,3,home team win,1,0,0,0.7391304347826086,0.2857142857142857
WC-2014,2014 FIFA World Cup,M-2014-61,Brazil v Germany,semi-finals,not applicable,0,1,0,0,7/8/2014,17:00,S-008,Estádio Mineirão,Belo Horizonte,Brazil,T-09,Brazil,BRA,T-29,Germany,DEU,17,1,7,-6,6,0,0,0-0,0,0,away team win,0,1,0,0.6296296296296297,0.7037037037037037
WC-2014,2014 FIFA World Cup,M-2014-62,Netherlands v Argentina,semi-finals,not applicable,0,1,0,0,7/9/2014,17:00,S-022,Arena Corinthians,São Paulo,Brazil,T-46,Netherlands,NLD,T-03,Argentina,ARG,00,0,0,0,0,1,1,24,2,4,away team win,0,1,0,0.7391304347826086,0.7142857142857143
WC-2014,2014 FIFA World Cup,M-2014-63,Brazil v Netherlands,third-place match,not applicable,0,1,0,0,7/12/2014,17:00,S-009,Estádio Nacional,Brasília,Brazil,T-09,Brazil,BRA,T-46,Netherlands,NLD,03,0,3,-3,3,0,0,0-0,0,0,away team win,0,1,0,0.6296296296296297,0.7391304347826086
WC-2014,2014 FIFA World Cup,M-2014-64,Germany v Argentina,final,not applicable,0,1,0,0,7/13/2014,16:00,S-020,Estádio do Maracanã,Rio de Janeiro,Brazil,T-29,Germany,DEU,T-03,Argentina,ARG,10,1,0,1,-1,1,0,0-0,0,0,home team win,1,0,0,0.7037037037037037,0.7142857142857143
WC-2018,2018 FIFA World Cup,M-2018-01,Russia v Saudi Arabia,group stage,Group A,1,0,0,0,6/14/2018,18:00,S-117,Luzhniki Stadium,Moscow,Russia,T-60,Russia,RUS,T-61,Saudi Arabia,SAU,50,5,0,5,-5,0,0,0-0,0,0,home team win,1,0,0,0.375,0.2222222222222222
WC-2018,2018 FIFA World Cup,M-2018-02,Egypt v Uruguay,group stage,Group A,1,0,0,0,6/15/2018,17:00,S-126,Central Stadium,Yekaterinburg,Russia,T-25,Egypt,EGY,T-81,Uruguay,URY,01,0,1,-1,1,0,0,0-0,0,0,away team win,0,1,0,0.0,0.5789473684210527
WC-2018,2018 FIFA World Cup,M-2018-03,Morocco v Iran,group stage,Group B,1,0,0,0,6/15/2018,18:00,S-121,Krestovsky Stadium,Saint Petersburg,Russia,T-45,Morocco,MAR,T-36,Iran,IRN,01,0,1,-1,1,0,0,0-0,0,0,away team win,0,1,0,0.4,0.16666666666666666
WC-2018,2018 FIFA World Cup,M-2018-04,Portugal v Spain,group stage,Group B,1,0,0,0,6/15/2018,21:00,S-124,Fisht Olympic Stadium,Sochi,Russia,T-56,Portugal,PRT,T-71,Spain,ESP,33,3,3,0,0,0,0,0-0,0,0,draw,0,0,1,0.4782608695652174,0.5454545454545454
WC-2018,2018 FIFA World Cup,M-2018-05,France v Australia,group stage,Group C,1,0,0,0,6/16/2018,13:00,S-116,Kazan Arena,Kazan,Russia,T-28,France,FRA,T-04,Australia,AUS,21,2,1,1,-1,0,0,0-0,0,0,home team win,1,0,0,0.6206896551724138,0.23529411764705882
WC-2018,2018 FIFA World Cup,M-2018-06,Argentina v Iceland,group stage,Group D,1,0,0,0,6/16/2018,16:00,S-118,Otkritie Arena,Moscow,Russia,T-03,Argentina,ARG,T-35,Iceland,ISL,11,1,1,0,0,0,0,0-0,0,0,draw,0,0,1,0.7142857142857143,0.0
WC-2018,2018 FIFA World Cup,M-2018-07,Peru v Denmark,group stage,Group C,1,0,0,0,6/16/2018,19:00,S-123,Mordovia Arena,Saransk,Russia,T-54,Peru,PER,T-21,Denmark,DNK,01,0,1,-1,1,0,0,0-0,0,0,away team win,0,1,0,0.3333333333333333,0.2
WC-2018,2018 FIFA World Cup,M-2018-08,Croatia v Nigeria,group stage,Group D,1,0,0,0,6/16/2018,21:00,S-115,Kaliningrad Stadium,Kaliningrad,Russia,T-17,Croatia,HRV,T-48,Nigeria,NGA,20,2,0,2,-2,0,0,0-0,0,0,home team win,1,0,0,0.55,0.2
WC-2018,2018 FIFA World Cup,M-2018-09,Costa Rica v Serbia,group stage,Group E,1,0,0,0,6/17/2018,16:00,S-122,Samara Arena,Samara,Russia,T-16,Costa Rica,CRI,T-64,Serbia,SRB,01,0,1,-1,1,0,0,0-0,0,0,away team win,0,1,0,0.2857142857142857,0.2222222222222222
WC-2018,2018 FIFA World Cup,M-2018-10,Germany v Mexico,group stage,Group F,1,0,0,0,6/17/2018,18:00,S-117,Luzhniki Stadium,Moscow,Russia,T-29,Germany,DEU,T-44,Mexico,MEX,01,0,1,-1,1,0,0,0-0,0,0,away team win,0,1,0,0.7037037037037037,0.3684210526315789
WC-2018,2018 FIFA World Cup,M-2018-11,Brazil v Switzerland,group stage,Group E,1,0,0,0,6/17/2018,21:00,S-120,Rostov Arena,Rostov-on-Don,Russia,T-09,Brazil,BRA,T-73,Switzerland,CHE,11,1,1,0,0,0,0,0-0,0,0,draw,0,0,1,0.6296296296296297,0.42105263157894735
WC-2018,2018 FIFA World Cup,M-2018-12,Sweden v South Korea,group stage,Group F,1,0,0,0,6/18/2018,15:00,S-119,Nizhny Novgorod Stadium,Nizhny Novgorod,Russia,T-72,Sweden,SWE,T-69,South Korea,KOR,10,1,0,1,-1,0,0,0-0,0,0,home team win,1,0,0,0.4444444444444444,0.23529411764705882
WC-2018,2018 FIFA World Cup,M-2018-13,Belgium v Panama,group stage,Group G,1,0,0,0,6/18/2018,18:00,S-124,Fisht Olympic Stadium,Sochi,Russia,T-06,Belgium,BEL,T-52,Panama,PAN,30,3,0,3,-3,0,0,0-0,0,0,home team win,1,0,0,0.7333333333333333,0.0
WC-2018,2018 FIFA World Cup,M-2018-14,Tunisia v England,group stage,Group G,1,0,0,0,6/18/2018,21:00,S-125,Volgograd Arena,Volgograd,Russia,T-76,Tunisia,TUN,T-27,England,ENG,12,1,2,-1,1,0,0,0-0,0,0,away team win,0,1,0,0.2222222222222222,0.4583333333333333
WC-2018,2018 FIFA World Cup,M-2018-15,Colombia v Japan,group stage,Group H,1,0,0,0,6/19/2018,15:00,S-123,Mordovia Arena,Saransk,Russia,T-15,Colombia,COL,T-42,Japan,JPN,12,1,2,-1,1,0,0,0-0,0,0,away team win,0,1,0,0.6666666666666666,0.2777777777777778
WC-2018,2018 FIFA World Cup,M-2018-16,Poland v Senegal,group stage,Group H,1,0,0,0,6/19/2018,18:00,S-118,Otkritie Arena,Moscow,Russia,T-55,Poland,POL,T-63,Senegal,SEN,12,1,2,-1,1,0,0,0-0,0,0,away team win,0,1,0,0.3,0.42857142857142855
WC-2018,2018 FIFA World Cup,M-2018-17,Russia v Egypt,group stage,Group A,1,0,0,0,6/19/2018,21:00,S-121,Krestovsky Stadium,Saint Petersburg,Russia,T-60,Russia,RUS,T-25,Egypt,EGY,31,3,1,2,-2,0,0,0-0,0,0,home team win,1,0,0,0.375,0.0
WC-2018,2018 FIFA World Cup,M-2018-18,Portugal v Morocco,group stage,Group B,1,0,0,0,6/20/2018,15:00,S-117,Luzhniki Stadium,Moscow,Russia,T-56,Portugal,PRT,T-45,Morocco,MAR,10,1,0,1,-1,0,0,0-0,0,0,home team win,1,0,0,0.4782608695652174,0.4
WC-2018,2018 FIFA World Cup,M-2018-19,Uruguay v Saudi Arabia,group stage,Group A,1,0,0,0,6/20/2018,18:00,S-120,Rostov Arena,Rostov-on-Don,Russia,T-81,Uruguay,URY,T-61,Saudi Arabia,SAU,10,1,0,1,-1,0,0,0-0,0,0,home team win,1,0,0,0.5789473684210527,0.2222222222222222
WC-2018,2018 FIFA World Cup,M-2018-20,Iran v Spain,group stage,Group B,1,0,0,0,6/20/2018,21:00,S-116,Kazan Arena,Kazan,Russia,T-36,Iran,IRN,T-71,Spain,ESP,01,0,1,-1,1,0,0,0-0,0,0,away team win,0,1,0,0.16666666666666666,0.5454545454545454
WC-2018,2018 FIFA World Cup,M-2018-21,Denmark v Australia,group stage,Group C,1,0,0,0,6/21/2018,16:00,S-122,Samara Arena,Samara,Russia,T-21,Denmark,DNK,T-04,Australia,AUS,11,1,1,0,0,0,0,0-0,0,0,draw,0,0,1,0.2,0.23529411764705882
WC-2018,2018 FIFA World Cup,M-2018-22,France v Peru,group stage,Group C,1,0,0,0,6/21/2018,20:00,S-126,Central Stadium,Yekaterinburg,Russia,T-28,France,FRA,T-54,Peru,PER,10,1,0,1,-1,0,0,0-0,0,0,home team win,1,0,0,0.6206896551724138,0.3333333333333333
WC-2018,2018 FIFA World Cup,M-2018-23,Argentina v Croatia,group stage,Group D,1,0,0,0,6/21/2018,21:00,S-119,Nizhny Novgorod Stadium,Nizhny Novgorod,Russia,T-03,Argentina,ARG,T-17,Croatia,HRV,03,0,3,-3,3,0,0,0-0,0,0,away team win,0,1,0,0.7142857142857143,0.55
WC-2018,2018 FIFA World Cup,M-2018-24,Brazil v Costa Rica,group stage,Group E,1,0,0,0,6/22/2018,15:00,S-121,Krestovsky Stadium,Saint Petersburg,Russia,T-09,Brazil,BRA,T-16,Costa Rica,CRI,20,2,0,2,-2,0,0,0-0,0,0,home team win,1,0,0,0.6296296296296297,0.2857142857142857
WC-2018,2018 FIFA World Cup,M-2018-25,Nigeria v Iceland,group stage,Group D,1,0,0,0,6/22/2018,18:00,S-125,Volgograd Arena,Volgograd,Russia,T-48,Nigeria,NGA,T-35,Iceland,ISL,20,2,0,2,-2,0,0,0-0,0,0,home team win,1,0,0,0.2,0.0
WC-2018,2018 FIFA World Cup,M-2018-26,Serbia v Switzerland,group stage,Group E,1,0,0,0,6/22/2018,20:00,S-115,Kaliningrad Stadium,Kaliningrad,Russia,T-64,Serbia,SRB,T-73,Switzerland,CHE,12,1,2,-1,1,0,0,0-0,0,0,away team win,0,1,0,0.2222222222222222,0.42105263157894735
WC-2018,2018 FIFA World Cup,M-2018-27,Belgium v Tunisia,group stage,Group G,1,0,0,0,6/23/2018,15:00,S-118,Otkritie Arena,Moscow,Russia,T-06,Belgium,BEL,T-76,Tunisia,TUN,52,5,2,3,-3,0,0,0-0,0,0,home team win,1,0,0,0.7333333333333333,0.2222222222222222
WC-2018,2018 FIFA World Cup,M-2018-28,South Korea v Mexico,group stage,Group F,1,0,0,0,6/23/2018,18:00,S-120,Rostov Arena,Rostov-on-Don,Russia,T-69,South Korea,KOR,T-44,Mexico,MEX,12,1,2,-1,1,0,0,0-0,0,0,away team win,0,1,0,0.23529411764705882,0.3684210526315789
WC-2018,2018 FIFA World Cup,M-2018-29,Germany v Sweden,group stage,Group F,1,0,0,0,6/23/2018,21:00,S-124,Fisht Olympic Stadium,Sochi,Russia,T-29,Germany,DEU,T-72,Sweden,SWE,21,2,1,1,-1,0,0,0-0,0,0,home team win,1,0,0,0.7037037037037037,0.4444444444444444
WC-2018,2018 FIFA World Cup,M-2018-30,England v Panama,group stage,Group G,1,0,0,0,6/24/2018,15:00,S-119,Nizhny Novgorod Stadium,Nizhny Novgorod,Russia,T-27,England,ENG,T-52,Panama,PAN,61,6,1,5,-5,0,0,0-0,0,0,home team win,1,0,0,0.4583333333333333,0.0
WC-2018,2018 FIFA World Cup,M-2018-31,Japan v Senegal,group stage,Group H,1,0,0,0,6/24/2018,20:00,S-126,Central Stadium,Yekaterinburg,Russia,T-42,Japan,JPN,T-63,Senegal,SEN,22,2,2,0,0,0,0,0-0,0,0,draw,0,0,1,0.2777777777777778,0.42857142857142855
WC-2018,2018 FIFA World Cup,M-2018-32,Poland v Colombia,group stage,Group H,1,0,0,0,6/24/2018,21:00,S-116,Kazan Arena,Kazan,Russia,T-55,Poland,POL,T-15,Colombia,COL,03,0,3,-3,3,0,0,0-0,0,0,away team win,0,1,0,0.3,0.6666666666666666
WC-2018,2018 FIFA World Cup,M-2018-33,Saudi Arabia v Egypt,group stage,Group A,1,0,0,0,6/25/2018,17:00,S-125,Volgograd Arena,Volgograd,Russia,T-61,Saudi Arabia,SAU,T-25,Egypt,EGY,21,2,1,1,-1,0,0,0-0,0,0,home team win,1,0,0,0.2222222222222222,0.0
WC-2018,2018 FIFA World Cup,M-2018-34,Uruguay v Russia,group stage,Group A,1,0,0,0,6/25/2018,18:00,S-122,Samara Arena,Samara,Russia,T-81,Uruguay,URY,T-60,Russia,RUS,30,3,0,3,-3,0,0,0-0,0,0,home team win,1,0,0,0.5789473684210527,0.375
WC-2018,2018 FIFA World Cup,M-2018-35,Spain v Morocco,group stage,Group B,1,0,0,0,6/25/2018,20:00,S-115,Kaliningrad Stadium,Kaliningrad,Russia,T-71,Spain,ESP,T-45,Morocco,MAR,22,2,2,0,0,0,0,0-0,0,0,draw,0,0,1,0.5454545454545454,0.4
WC-2018,2018 FIFA World Cup,M-2018-36,Iran v Portugal,group stage,Group B,1,0,0,0,6/25/2018,21:00,S-123,Mordovia Arena,Saransk,Russia,T-36,Iran,IRN,T-56,Portugal,PRT,11,1,1,0,0,0,0,0-0,0,0,draw,0,0,1,0.16666666666666666,0.4782608695652174
WC-2018,2018 FIFA World Cup,M-2018-37,Australia v Peru,group stage,Group C,1,0,0,0,6/26/2018,17:00,S-124,Fisht Olympic Stadium,Sochi,Russia,T-04,Australia,AUS,T-54,Peru,PER,02,0,2,-2,2,0,0,0-0,0,0,away team win,0,1,0,0.23529411764705882,0.3333333333333333
WC-2018,2018 FIFA World Cup,M-2018-38,Denmark v France,group stage,Group C,1,0,0,0,6/26/2018,17:00,S-117,Luzhniki Stadium,Moscow,Russia,T-21,Denmark,DNK,T-28,France,FRA,00,0,0,0,0,0,0,0-0,0,0,draw,0,0,1,0.2,0.6206896551724138
WC-2018,2018 FIFA World Cup,M-2018-39,Iceland v Croatia,group stage,Group D,1,0,0,0,6/26/2018,21:00,S-120,Rostov Arena,Rostov-on-Don,Russia,T-35,Iceland,ISL,T-17,Croatia,HRV,12,1,2,-1,1,0,0,0-0,0,0,away team win,0,1,0,0.0,0.55
WC-2018,2018 FIFA World Cup,M-2018-40,Nigeria v Argentina,group stage,Group D,1,0,0,0,6/26/2018,21:00,S-121,Krestovsky Stadium,Saint Petersburg,Russia,T-48,Nigeria,NGA,T-03,Argentina,ARG,12,1,2,-1,1,0,0,0-0,0,0,away team win,0,1,0,0.2,0.7142857142857143
WC-2018,2018 FIFA World Cup,M-2018-41,South Korea v Germany,group stage,Group F,1,0,0,0,6/27/2018,17:00,S-116,Kazan Arena,Kazan,Russia,T-69,South Korea,KOR,T-29,Germany,DEU,20,2,0,2,-2,0,0,0-0,0,0,home team win,1,0,0,0.23529411764705882,0.7037037037037037
WC-2018,2018 FIFA World Cup,M-2018-42,Mexico v Sweden,group stage,Group F,1,0,0,0,6/27/2018,19:00,S-126,Central Stadium,Yekaterinburg,Russia,T-44,Mexico,MEX,T-72,Sweden,SWE,03,0,3,-3,3,0,0,0-0,0,0,away team win,0,1,0,0.3684210526315789,0.4444444444444444
WC-2018,2018 FIFA World Cup,M-2018-43,Serbia v Brazil,group stage,Group E,1,0,0,0,6/27/2018,21:00,S-118,Otkritie Arena,Moscow,Russia,T-64,Serbia,SRB,T-09,Brazil,BRA,02,0,2,-2,2,0,0,0-0,0,0,away team win,0,1,0,0.2222222222222222,0.6296296296296297
WC-2018,2018 FIFA World Cup,M-2018-44,Switzerland v Costa Rica,group stage,Group E,1,0,0,0,6/27/2018,21:00,S-119,Nizhny Novgorod Stadium,Nizhny Novgorod,Russia,T-73,Switzerland,CHE,T-16,Costa Rica,CRI,22,2,2,0,0,0,0,0-0,0,0,draw,0,0,1,0.42105263157894735,0.2857142857142857
WC-2018,2018 FIFA World Cup,M-2018-45,Japan v Poland,group stage,Group H,1,0,0,0,6/28/2018,17:00,S-125,Volgograd Arena,Volgograd,Russia,T-42,Japan,JPN,T-55,Poland,POL,01,0,1,-1,1,0,0,0-0,0,0,away team win,0,1,0,0.2777777777777778,0.3
WC-2018,2018 FIFA World Cup,M-2018-46,Senegal v Colombia,group stage,Group H,1,0,0,0,6/28/2018,18:00,S-122,Samara Arena,Samara,Russia,T-63,Senegal,SEN,T-15,Colombia,COL,01,0,1,-1,1,0,0,0-0,0,0,away team win,0,1,0,0.42857142857142855,0.6666666666666666
WC-2018,2018 FIFA World Cup,M-2018-47,England v Belgium,group stage,Group G,1,0,0,0,6/28/2018,20:00,S-115,Kaliningrad Stadium,Kaliningrad,Russia,T-27,England,ENG,T-06,Belgium,BEL,01,0,1,-1,1,0,0,0-0,0,0,away team win,0,1,0,0.4583333333333333,0.7333333333333333
WC-2018,2018 FIFA World Cup,M-2018-48,Panama v Tunisia,group stage,Group G,1,0,0,0,6/28/2018,21:00,S-123,Mordovia Arena,Saransk,Russia,T-52,Panama,PAN,T-76,Tunisia,TUN,12,1,2,-1,1,0,0,0-0,0,0,away team win,0,1,0,0.0,0.2222222222222222
WC-2018,2018 FIFA World Cup,M-2018-49,France v Argentina,round of 16,not applicable,0,1,0,0,6/30/2018,17:00,S-116,Kazan Arena,Kazan,Russia,T-28,France,FRA,T-03,Argentina,ARG,43,4,3,1,-1,0,0,0-0,0,0,home team win,1,0,0,0.6206896551724138,0.7142857142857143
WC-2018,2018 FIFA World Cup,M-2018-50,Uruguay v Portugal,round of 16,not applicable,0,1,0,0,6/30/2018,21:00,S-124,Fisht Olympic Stadium,Sochi,Russia,T-81,Uruguay,URY,T-56,Portugal,PRT,21,2,1,1,-1,0,0,0-0,0,0,home team win,1,0,0,0.5789473684210527,0.4782608695652174
WC-2018,2018 FIFA World Cup,M-2018-51,Spain v Russia,round of 16,not applicable,0,1,0,0,7/1/2018,17:00,S-117,Luzhniki Stadium,Moscow,Russia,T-71,Spain,ESP,T-60,Russia,RUS,11,1,1,0,0,1,1,34,3,4,away team win,0,1,0,0.5454545454545454,0.375
WC-2018,2018 FIFA World Cup,M-2018-52,Croatia v Denmark,round of 16,not applicable,0,1,0,0,7/1/2018,21:00,S-119,Nizhny Novgorod Stadium,Nizhny Novgorod,Russia,T-17,Croatia,HRV,T-21,Denmark,DNK,11,1,1,0,0,1,1,32,3,2,home team win,1,0,0,0.55,0.2
WC-2018,2018 FIFA World Cup,M-2018-53,Brazil v Mexico,round of 16,not applicable,0,1,0,0,7/2/2018,18:00,S-122,Samara Arena,Samara,Russia,T-09,Brazil,BRA,T-44,Mexico,MEX,20,2,0,2,-2,0,0,0-0,0,0,home team win,1,0,0,0.6296296296296297,0.3684210526315789
WC-2018,2018 FIFA World Cup,M-2018-54,Belgium v Japan,round of 16,not applicable,0,1,0,0,7/2/2018,21:00,S-120,Rostov Arena,Rostov-on-Don,Russia,T-06,Belgium,BEL,T-42,Japan,JPN,32,3,2,1,-1,0,0,0-0,0,0,home team win,1,0,0,0.7333333333333333,0.2777777777777778
WC-2018,2018 FIFA World Cup,M-2018-55,Sweden v Switzerland,round of 16,not applicable,0,1,0,0,7/3/2018,17:00,S-121,Krestovsky Stadium,Saint Petersburg,Russia,T-72,Sweden,SWE,T-73,Switzerland,CHE,10,1,0,1,-1,0,0,0-0,0,0,home team win,1,0,0,0.4444444444444444,0.42105263157894735
WC-2018,2018 FIFA World Cup,M-2018-56,Colombia v England,round of 16,not applicable,0,1,0,0,7/3/2018,21:00,S-118,Otkritie Arena,Moscow,Russia,T-15,Colombia,COL,T-27,England,ENG,11,1,1,0,0,1,1,34,3,4,away team win,0,1,0,0.6666666666666666,0.4583333333333333
WC-2018,2018 FIFA World Cup,M-2018-57,Uruguay v France,quarter-finals,not applicable,0,1,0,0,7/6/2018,17:00,S-119,Nizhny Novgorod Stadium,Nizhny Novgorod,Russia,T-81,Uruguay,URY,T-28,France,FRA,02,0,2,-2,2,0,0,0-0,0,0,away team win,0,1,0,0.5789473684210527,0.6206896551724138
WC-2018,2018 FIFA World Cup,M-2018-58,Brazil v Belgium,quarter-finals,not applicable,0,1,0,0,7/6/2018,21:00,S-116,Kazan Arena,Kazan,Russia,T-09,Brazil,BRA,T-06,Belgium,BEL,12,1,2,-1,1,0,0,0-0,0,0,away team win,0,1,0,0.6296296296296297,0.7333333333333333
WC-2018,2018 FIFA World Cup,M-2018-59,Sweden v England,quarter-finals,not applicable,0,1,0,0,7/7/2018,18:00,S-122,Samara Arena,Samara,Russia,T-72,Sweden,SWE,T-27,England,ENG,02,0,2,-2,2,0,0,0-0,0,0,away team win,0,1,0,0.4444444444444444,0.4583333333333333
WC-2018,2018 FIFA World Cup,M-2018-60,Russia v Croatia,quarter-finals,not applicable,0,1,0,0,7/7/2018,21:00,S-124,Fisht Olympic Stadium,Sochi,Russia,T-60,Russia,RUS,T-17,Croatia,HRV,22,2,2,0,0,1,1,34,3,4,away team win,0,1,0,0.375,0.55
WC-2018,2018 FIFA World Cup,M-2018-61,France v Belgium,semi-finals,not applicable,0,1,0,0,7/10/2018,21:00,S-121,Krestovsky Stadium,Saint Petersburg,Russia,T-28,France,FRA,T-06,Belgium,BEL,10,1,0,1,-1,0,0,0-0,0,0,home team win,1,0,0,0.6206896551724138,0.7333333333333333
WC-2018,2018 FIFA World Cup,M-2018-62,Croatia v England,semi-finals,not applicable,0,1,0,0,7/11/2018,21:00,S-117,Luzhniki Stadium,Moscow,Russia,T-17,Croatia,HRV,T-27,England,ENG,21,2,1,1,-1,1,0,0-0,0,0,home team win,1,0,0,0.55,0.4583333333333333
WC-2018,2018 FIFA World Cup,M-2018-63,Belgium v England,third-place match,not applicable,0,1,0,0,7/14/2018,17:00,S-121,Krestovsky Stadium,Saint Petersburg,Russia,T-06,Belgium,BEL,T-27,England,ENG,20,2,0,2,-2,0,0,0-0,0,0,home team win,1,0,0,0.7333333333333333,0.4583333333333333
WC-2018,2018 FIFA World Cup,M-2018-64,France v Croatia,final,not applicable,0,1,0,0,7/15/2018,18:00,S-117,Luzhniki Stadium,Moscow,Russia,T-28,France,FRA,T-17,Croatia,HRV,42,4,2,2,-2,0,0,0-0,0,0,home team win,1,0,0,0.6206896551724138,0.55
WC-2022,2022 FIFA World Cup,M-2022-01,Qatar v Ecuador,group stage,Group A,1,0,0,0,11/20/2022,19:00,S-107,Al Bayt Stadium,Al Khor,Qatar,T-57,Qatar,QAT,T-24,Ecuador,ECU,02,0,2,-2,2,0,0,0-0,0,0,away team win,0,1,0,0.0,0.4
WC-2022,2022 FIFA World Cup,M-2022-02,England v Iran,group stage,Group B,1,0,0,0,11/21/2022,16:00,S-110,Khalifa International Stadium,Al Rayyan,Qatar,T-27,England,ENG,T-36,Iran,IRN,62,6,2,4,-4,0,0,0-0,0,0,home team win,1,0,0,0.4583333333333333,0.16666666666666666
WC-2022,2022 FIFA World Cup,M-2022-03,Senegal v Netherlands,group stage,Group A,1,0,0,0,11/21/2022,19:00,S-112,Al Thumama Stadium,Doha,Qatar,T-63,Senegal,SEN,T-46,Netherlands,NLD,02,0,2,-2,2,0,0,0-0,0,0,away team win,0,1,0,0.42857142857142855,0.7391304347826086
WC-2022,2022 FIFA World Cup,M-2022-04,United States v Wales,group stage,Group B,1,0,0,0,11/21/2022,22:00,S-108,Ahmad bin Ali Stadium,Al Rayyan,Qatar,T-80,United States,USA,T-82,Wales,WAL,11,1,1,0,0,0,0,0-0,0,0,draw,0,0,1,0.2,0.0
WC-2022,2022 FIFA World Cup,M-2022-05,Argentina v Saudi Arabia,group stage,Group C,1,0,0,0,11/22/2022,13:00,S-114,Lusail Stadium,Lusail,Qatar,T-03,Argentina,ARG,T-61,Saudi Arabia,SAU,12,1,2,-1,1,0,0,0-0,0,0,away team win,0,1,0,0.7142857142857143,0.2222222222222222
WC-2022,2022 FIFA World Cup,M-2022-06,Denmark v Tunisia,group stage,Group D,1,0,0,0,11/22/2022,16:00,S-109,Education City Stadium,Al Rayyan,Qatar,T-21,Denmark,DNK,T-76,Tunisia,TUN,00,0,0,0,0,0,0,0-0,0,0,draw,0,0,1,0.2,0.2222222222222222
WC-2022,2022 FIFA World Cup,M-2022-07,Mexico v Poland,group stage,Group C,1,0,0,0,11/22/2022,19:00,S-113,Stadium 974,Doha,Qatar,T-44,Mexico,MEX,T-55,Poland,POL,00,0,0,0,0,0,0,0-0,0,0,draw,0,0,1,0.3684210526315789,0.3
WC-2022,2022 FIFA World Cup,M-2022-08,France v Australia,group stage,Group D,1,0,0,0,11/22/2022,22:00,S-111,Al Janoub Stadium,Al Wakrah,Qatar,T-28,France,FRA,T-04,Australia,AUS,41,4,1,3,-3,0,0,0-0,0,0,home team win,1,0,0,0.6206896551724138,0.23529411764705882
WC-2022,2022 FIFA World Cup,M-2022-09,Morocco v Croatia,group stage,Group F,1,0,0,0,11/23/2022,13:00,S-107,Al Bayt Stadium,Al Khor,Qatar,T-45,Morocco,MAR,T-17,Croatia,HRV,00,0,0,0,0,0,0,0-0,0,0,draw,0,0,1,0.4,0.55
WC-2022,2022 FIFA World Cup,M-2022-10,Germany v Japan,group stage,Group E,1,0,0,0,11/23/2022,16:00,S-110,Khalifa International Stadium,Al Rayyan,Qatar,T-29,Germany,DEU,T-42,Japan,JPN,12,1,2,-1,1,0,0,0-0,0,0,away team win,0,1,0,0.7037037037037037,0.2777777777777778
WC-2022,2022 FIFA World Cup,M-2022-11,Spain v Costa Rica,group stage,Group E,1,0,0,0,11/23/2022,19:00,S-112,Al Thumama Stadium,Doha,Qatar,T-71,Spain,ESP,T-16,Costa Rica,CRI,70,7,0,7,-7,0,0,0-0,0,0,home team win,1,0,0,0.5454545454545454,0.2857142857142857
WC-2022,2022 FIFA World Cup,M-2022-12,Belgium v Canada,group stage,Group F,1,0,0,0,11/23/2022,22:00,S-108,Ahmad bin Ali Stadium,Al Rayyan,Qatar,T-06,Belgium,BEL,T-12,Canada,CAN,10,1,0,1,-1,0,0,0-0,0,0,home team win,1,0,0,0.7333333333333333,0.0
WC-2022,2022 FIFA World Cup,M-2022-13,Switzerland v Cameroon,group stage,Group G,1,0,0,0,11/24/2022,13:00,S-111,Al Janoub Stadium,Al Wakrah,Qatar,T-73,Switzerland,CHE,T-11,Cameroon,CMR,10,1,0,1,-1,0,0,0-0,0,0,home team win,1,0,0,0.42105263157894735,0.1111111111111111
WC-2022,2022 FIFA World Cup,M-2022-14,Uruguay v South Korea,group stage,Group H,1,0,0,0,11/24/2022,16:00,S-109,Education City Stadium,Al Rayyan,Qatar,T-81,Uruguay,URY,T-69,South Korea,KOR,00,0,0,0,0,0,0,0-0,0,0,draw,0,0,1,0.5789473684210527,0.23529411764705882
WC-2022,2022 FIFA World Cup,M-2022-15,Portugal v Ghana,group stage,Group H,1,0,0,0,11/24/2022,19:00,S-113,Stadium 974,Doha,Qatar,T-56,Portugal,PRT,T-30,Ghana,GHA,32,3,2,1,-1,0,0,0-0,0,0,home team win,1,0,0,0.4782608695652174,0.3333333333333333
WC-2022,2022 FIFA World Cup,M-2022-16,Brazil v Serbia,group stage,Group G,1,0,0,0,11/24/2022,22:00,S-114,Lusail Stadium,Lusail,Qatar,T-09,Brazil,BRA,T-64,Serbia,SRB,20,2,0,2,-2,0,0,0-0,0,0,home team win,1,0,0,0.6296296296296297,0.2222222222222222
WC-2022,2022 FIFA World Cup,M-2022-17,Wales v Iran,group stage,Group B,1,0,0,0,11/25/2022,13:00,S-108,Ahmad bin Ali Stadium,Al Rayyan,Qatar,T-82,Wales,WAL,T-36,Iran,IRN,02,0,2,-2,2,0,0,0-0,0,0,away team win,0,1,0,0.0,0.16666666666666666
WC-2022,2022 FIFA World Cup,M-2022-18,Qatar v Senegal,group stage,Group A,1,0,0,0,11/25/2022,16:00,S-112,Al Thumama Stadium,Doha,Qatar,T-57,Qatar,QAT,T-63,Senegal,SEN,13,1,3,-2,2,0,0,0-0,0,0,away team win,0,1,0,0.0,0.42857142857142855
WC-2022,2022 FIFA World Cup,M-2022-19,Netherlands v Ecuador,group stage,Group A,1,0,0,0,11/25/2022,19:00,S-110,Khalifa International Stadium,Al Rayyan,Qatar,T-46,Netherlands,NLD,T-24,Ecuador,ECU,11,1,1,0,0,0,0,0-0,0,0,draw,0,0,1,0.7391304347826086,0.4
WC-2022,2022 FIFA World Cup,M-2022-20,England v United States,group stage,Group B,1,0,0,0,11/25/2022,22:00,S-107,Al Bayt Stadium,Al Khor,Qatar,T-27,England,ENG,T-80,United States,USA,00,0,0,0,0,0,0,0-0,0,0,draw,0,0,1,0.4583333333333333,0.2
WC-2022,2022 FIFA World Cup,M-2022-21,Tunisia v Australia,group stage,Group D,1,0,0,0,11/26/2022,13:00,S-111,Al Janoub Stadium,Al Wakrah,Qatar,T-76,Tunisia,TUN,T-04,Australia,AUS,01,0,1,-1,1,0,0,0-0,0,0,away team win,0,1,0,0.2222222222222222,0.23529411764705882
WC-2022,2022 FIFA World Cup,M-2022-22,Poland v Saudi Arabia,group stage,Group C,1,0,0,0,11/26/2022,16:00,S-109,Education City Stadium,Al Rayyan,Qatar,T-55,Poland,POL,T-61,Saudi Arabia,SAU,20,2,0,2,-2,0,0,0-0,0,0,home team win,1,0,0,0.3,0.2222222222222222
WC-2022,2022 FIFA World Cup,M-2022-23,France v Denmark,group stage,Group D,1,0,0,0,11/26/2022,19:00,S-113,Stadium 974,Doha,Qatar,T-28,France,FRA,T-21,Denmark,DNK,21,2,1,1,-1,0,0,0-0,0,0,home team win,1,0,0,0.6206896551724138,0.2
WC-2022,2022 FIFA World Cup,M-2022-24,Argentina v Mexico,group stage,Group C,1,0,0,0,11/26/2022,22:00,S-114,Lusail Stadium,Lusail,Qatar,T-03,Argentina,ARG,T-44,Mexico,MEX,20,2,0,2,-2,0,0,0-0,0,0,home team win,1,0,0,0.7142857142857143,0.3684210526315789
WC-2022,2022 FIFA World Cup,M-2022-25,Japan v Costa Rica,group stage,Group E,1,0,0,0,11/27/2022,13:00,S-108,Ahmad bin Ali Stadium,Al Rayyan,Qatar,T-42,Japan,JPN,T-16,Costa Rica,CRI,01,0,1,-1,1,0,0,0-0,0,0,away team win,0,1,0,0.2777777777777778,0.2857142857142857
WC-2022,2022 FIFA World Cup,M-2022-26,Belgium v Morocco,group stage,Group F,1,0,0,0,11/27/2022,16:00,S-112,Al Thumama Stadium,Doha,Qatar,T-06,Belgium,BEL,T-45,Morocco,MAR,02,0,2,-2,2,0,0,0-0,0,0,away team win,0,1,0,0.7333333333333333,0.4
WC-2022,2022 FIFA World Cup,M-2022-27,Croatia v Canada,group stage,Group F,1,0,0,0,11/27/2022,19:00,S-110,Khalifa International Stadium,Al Rayyan,Qatar,T-17,Croatia,HRV,T-12,Canada,CAN,41,4,1,3,-3,0,0,0-0,0,0,home team win,1,0,0,0.55,0.0
WC-2022,2022 FIFA World Cup,M-2022-28,Spain v Germany,group stage,Group E,1,0,0,0,11/27/2022,22:00,S-107,Al Bayt Stadium,Al Khor,Qatar,T-71,Spain,ESP,T-29,Germany,DEU,11,1,1,0,0,0,0,0-0,0,0,draw,0,0,1,0.5454545454545454,0.7037037037037037
WC-2022,2022 FIFA World Cup,M-2022-29,Cameroon v Serbia,group stage,Group G,1,0,0,0,11/28/2022,13:00,S-111,Al Janoub Stadium,Al Wakrah,Qatar,T-11,Cameroon,CMR,T-64,Serbia,SRB,33,3,3,0,0,0,0,0-0,0,0,draw,0,0,1,0.1111111111111111,0.2222222222222222
WC-2022,2022 FIFA World Cup,M-2022-30,South Korea v Ghana,group stage,Group H,1,0,0,0,11/28/2022,16:00,S-109,Education City Stadium,Al Rayyan,Qatar,T-69,South Korea,KOR,T-30,Ghana,GHA,23,2,3,-1,1,0,0,0-0,0,0,away team win,0,1,0,0.23529411764705882,0.3333333333333333
WC-2022,2022 FIFA World Cup,M-2022-31,Brazil v Switzerland,group stage,Group G,1,0,0,0,11/28/2022,19:00,S-113,Stadium 974,Doha,Qatar,T-09,Brazil,BRA,T-73,Switzerland,CHE,10,1,0,1,-1,0,0,0-0,0,0,home team win,1,0,0,0.6296296296296297,0.42105263157894735
WC-2022,2022 FIFA World Cup,M-2022-32,Portugal v Uruguay,group stage,Group H,1,0,0,0,11/28/2022,22:00,S-114,Lusail Stadium,Lusail,Qatar,T-56,Portugal,PRT,T-81,Uruguay,URY,20,2,0,2,-2,0,0,0-0,0,0,home team win,1,0,0,0.4782608695652174,0.5789473684210527
WC-2022,2022 FIFA World Cup,M-2022-33,Ecuador v Senegal,group stage,Group A,1,0,0,0,11/29/2022,18:00,S-110,Khalifa International Stadium,Al Rayyan,Qatar,T-24,Ecuador,ECU,T-63,Senegal,SEN,12,1,2,-1,1,0,0,0-0,0,0,away team win,0,1,0,0.4,0.42857142857142855
WC-2022,2022 FIFA World Cup,M-2022-34,Netherlands v Qatar,group stage,Group A,1,0,0,0,11/29/2022,18:00,S-107,Al Bayt Stadium,Al Khor,Qatar,T-46,Netherlands,NLD,T-57,Qatar,QAT,20,2,0,2,-2,0,0,0-0,0,0,home team win,1,0,0,0.7391304347826086,0.0
WC-2022,2022 FIFA World Cup,M-2022-35,Iran v United States,group stage,Group B,1,0,0,0,11/29/2022,22:00,S-112,Al Thumama Stadium,Doha,Qatar,T-36,Iran,IRN,T-80,United States,USA,01,0,1,-1,1,0,0,0-0,0,0,away team win,0,1,0,0.16666666666666666,0.2
WC-2022,2022 FIFA World Cup,M-2022-36,Wales v England,group stage,Group B,1,0,0,0,11/29/2022,22:00,S-108,Ahmad bin Ali Stadium,Al Rayyan,Qatar,T-82,Wales,WAL,T-27,England,ENG,03,0,3,-3,3,0,0,0-0,0,0,away team win,0,1,0,0.0,0.4583333333333333
WC-2022,2022 FIFA World Cup,M-2022-37,Australia v Denmark,group stage,Group D,1,0,0,0,11/30/2022,18:00,S-111,Al Janoub Stadium,Al Wakrah,Qatar,T-04,Australia,AUS,T-21,Denmark,DNK,10,1,0,1,-1,0,0,0-0,0,0,home team win,1,0,0,0.23529411764705882,0.2
WC-2022,2022 FIFA World Cup,M-2022-38,Tunisia v France,group stage,Group D,1,0,0,0,11/30/2022,18:00,S-109,Education City Stadium,Al Rayyan,Qatar,T-76,Tunisia,TUN,T-28,France,FRA,10,1,0,1,-1,0,0,0-0,0,0,home team win,1,0,0,0.2222222222222222,0.6206896551724138
WC-2022,2022 FIFA World Cup,M-2022-39,Poland v Argentina,group stage,Group C,1,0,0,0,11/30/2022,22:00,S-113,Stadium 974,Doha,Qatar,T-55,Poland,POL,T-03,Argentina,ARG,02,0,2,-2,2,0,0,0-0,0,0,away team win,0,1,0,0.3,0.7142857142857143
WC-2022,2022 FIFA World Cup,M-2022-40,Saudi Arabia v Mexico,group stage,Group C,1,0,0,0,11/30/2022,22:00,S-114,Lusail Stadium,Lusail,Qatar,T-61,Saudi Arabia,SAU,T-44,Mexico,MEX,12,1,2,-1,1,0,0,0-0,0,0,away team win,0,1,0,0.2222222222222222,0.3684210526315789
WC-2022,2022 FIFA World Cup,M-2022-41,Canada v Morocco,group stage,Group F,1,0,0,0,12/1/2022,18:00,S-112,Al Thumama Stadium,Doha,Qatar,T-12,Canada,CAN,T-45,Morocco,MAR,12,1,2,-1,1,0,0,0-0,0,0,away team win,0,1,0,0.0,0.4
WC-2022,2022 FIFA World Cup,M-2022-42,Croatia v Belgium,group stage,Group F,1,0,0,0,12/1/2022,18:00,S-108,Ahmad bin Ali Stadium,Al Rayyan,Qatar,T-17,Croatia,HRV,T-06,Belgium,BEL,00,0,0,0,0,0,0,0-0,0,0,draw,0,0,1,0.55,0.7333333333333333
WC-2022,2022 FIFA World Cup,M-2022-43,Costa Rica v Germany,group stage,Group E,1,0,0,0,12/1/2022,22:00,S-107,Al Bayt Stadium,Al Khor,Qatar,T-16,Costa Rica,CRI,T-29,Germany,DEU,24,2,4,-2,2,0,0,0-0,0,0,away team win,0,1,0,0.2857142857142857,0.7037037037037037
WC-2022,2022 FIFA World Cup,M-2022-44,Japan v Spain,group stage,Group E,1,0,0,0,12/1/2022,22:00,S-110,Khalifa International Stadium,Al Rayyan,Qatar,T-42,Japan,JPN,T-71,Spain,ESP,21,2,1,1,-1,0,0,0-0,0,0,home team win,1,0,0,0.2777777777777778,0.5454545454545454
WC-2022,2022 FIFA World Cup,M-2022-45,Ghana v Uruguay,group stage,Group H,1,0,0,0,12/2/2022,18:00,S-111,Al Janoub Stadium,Al Wakrah,Qatar,T-30,Ghana,GHA,T-81,Uruguay,URY,02,0,2,-2,2,0,0,0-0,0,0,away team win,0,1,0,0.3333333333333333,0.5789473684210527
WC-2022,2022 FIFA World Cup,M-2022-46,South Korea v Portugal,group stage,Group H,1,0,0,0,12/2/2022,18:00,S-109,Education City Stadium,Al Rayyan,Qatar,T-69,South Korea,KOR,T-56,Portugal,PRT,21,2,1,1,-1,0,0,0-0,0,0,home team win,1,0,0,0.23529411764705882,0.4782608695652174
WC-2022,2022 FIFA World Cup,M-2022-47,Cameroon v Brazil,group stage,Group G,1,0,0,0,12/2/2022,22:00,S-114,Lusail Stadium,Lusail,Qatar,T-11,Cameroon,CMR,T-09,Brazil,BRA,10,1,0,1,-1,0,0,0-0,0,0,home team win,1,0,0,0.1111111111111111,0.6296296296296297
WC-2022,2022 FIFA World Cup,M-2022-48,Serbia v Switzerland,group stage,Group G,1,0,0,0,12/2/2022,22:00,S-113,Stadium 974,Doha,Qatar,T-64,Serbia,SRB,T-73,Switzerland,CHE,23,2,3,-1,1,0,0,0-0,0,0,away team win,0,1,0,0.2222222222222222,0.42105263157894735
WC-2022,2022 FIFA World Cup,M-2022-49,Netherlands v United States,round of 16,not applicable,0,1,0,0,12/3/2022,18:00,S-110,Khalifa International Stadium,Al Rayyan,Qatar,T-46,Netherlands,NLD,T-80,United States,USA,31,3,1,2,-2,0,0,0-0,0,0,home team win,1,0,0,0.7391304347826086,0.2
WC-2022,2022 FIFA World Cup,M-2022-50,Argentina v Australia,round of 16,not applicable,0,1,0,0,12/3/2022,22:00,S-108,Ahmad bin Ali Stadium,Al Rayyan,Qatar,T-03,Argentina,ARG,T-04,Australia,AUS,21,2,1,1,-1,0,0,0-0,0,0,home team win,1,0,0,0.7142857142857143,0.23529411764705882
WC-2022,2022 FIFA World Cup,M-2022-51,France v Poland,round of 16,not applicable,0,1,0,0,12/4/2022,18:00,S-112,Al Thumama Stadium,Doha,Qatar,T-28,France,FRA,T-55,Poland,POL,31,3,1,2,-2,0,0,0-0,0,0,home team win,1,0,0,0.6206896551724138,0.3
WC-2022,2022 FIFA World Cup,M-2022-52,England v Senegal,round of 16,not applicable,0,1,0,0,12/4/2022,22:00,S-107,Al Bayt Stadium,Al Khor,Qatar,T-27,England,ENG,T-63,Senegal,SEN,30,3,0,3,-3,0,0,0-0,0,0,home team win,1,0,0,0.4583333333333333,0.42857142857142855
WC-2022,2022 FIFA World Cup,M-2022-53,Japan v Croatia,round of 16,not applicable,0,1,0,0,12/5/2022,18:00,S-111,Al Janoub Stadium,Al Wakrah,Qatar,T-42,Japan,JPN,T-17,Croatia,HRV,11,1,1,0,0,1,1,13,1,3,away team win,0,1,0,0.2777777777777778,0.55
WC-2022,2022 FIFA World Cup,M-2022-54,Brazil v South Korea,round of 16,not applicable,0,1,0,0,12/5/2022,22:00,S-113,Stadium 974,Doha,Qatar,T-09,Brazil,BRA,T-69,South Korea,KOR,41,4,1,3,-3,0,0,0-0,0,0,home team win,1,0,0,0.6296296296296297,0.23529411764705882
WC-2022,2022 FIFA World Cup,M-2022-55,Morocco v Spain,round of 16,not applicable,0,1,0,0,12/6/2022,18:00,S-109,Education City Stadium,Al Rayyan,Qatar,T-45,Morocco,MAR,T-71,Spain,ESP,00,0,0,0,0,1,1,30,3,0,home team win,1,0,0,0.4,0.5454545454545454
WC-2022,2022 FIFA World Cup,M-2022-56,Portugal v Switzerland,round of 16,not applicable,0,1,0,0,12/6/2022,22:00,S-114,Lusail Stadium,Lusail,Qatar,T-56,Portugal,PRT,T-73,Switzerland,CHE,61,6,1,5,-5,0,0,0-0,0,0,home team win,1,0,0,0.4782608695652174,0.42105263157894735
WC-2022,2022 FIFA World Cup,M-2022-57,Croatia v Brazil,quarter-finals,not applicable,0,1,0,0,12/9/2022,18:00,S-109,Education City Stadium,Al Rayyan,Qatar,T-17,Croatia,HRV,T-09,Brazil,BRA,11,1,1,0,0,1,1,42,4,2,home team win,1,0,0,0.55,0.6296296296296297
WC-2022,2022 FIFA World Cup,M-2022-58,Netherlands v Argentina,quarter-finals,not applicable,0,1,0,0,12/9/2022,22:00,S-114,Lusail Stadium,Lusail,Qatar,T-46,Netherlands,NLD,T-03,Argentina,ARG,22,2,2,0,0,1,1,34,3,4,away team win,0,1,0,0.7391304347826086,0.7142857142857143
WC-2022,2022 FIFA World Cup,M-2022-59,Morocco v Portugal,quarter-finals,not applicable,0,1,0,0,12/10/2022,18:00,S-112,Al Thumama Stadium,Doha,Qatar,T-45,Morocco,MAR,T-56,Portugal,PRT,10,1,0,1,-1,0,0,0-0,0,0,home team win,1,0,0,0.4,0.4782608695652174
WC-2022,2022 FIFA World Cup,M-2022-60,England v France,quarter-finals,not applicable,0,1,0,0,12/10/2022,22:00,S-107,Al Bayt Stadium,Al Khor,Qatar,T-27,England,ENG,T-28,France,FRA,12,1,2,-1,1,0,0,0-0,0,0,away team win,0,1,0,0.4583333333333333,0.6206896551724138
WC-2022,2022 FIFA World Cup,M-2022-61,Argentina v Croatia,semi-finals,not applicable,0,1,0,0,12/13/2022,22:00,S-114,Lusail Stadium,Lusail,Qatar,T-03,Argentina,ARG,T-17,Croatia,HRV,30,3,0,3,-3,0,0,0-0,0,0,home team win,1,0,0,0.7142857142857143,0.55
WC-2022,2022 FIFA World Cup,M-2022-62,France v Morocco,semi-finals,not applicable,0,1,0,0,12/14/2022,22:00,S-107,Al Bayt Stadium,Al Khor,Qatar,T-28,France,FRA,T-45,Morocco,MAR,20,2,0,2,-2,0,0,0-0,0,0,home team win,1,0,0,0.6206896551724138,0.4
WC-2022,2022 FIFA World Cup,M-2022-63,Croatia v Morocco,third-place match,not applicable,0,1,0,0,12/17/2022,18:00,S-110,Khalifa International Stadium,Al Rayyan,Qatar,T-17,Croatia,HRV,T-45,Morocco,MAR,21,2,1,1,-1,0,0,0-0,0,0,home team win,1,0,0,0.55,0.4
WC-2022,2022 FIFA World Cup,M-2022-64,Argentina v France,final,not applicable,0,1,0,0,12/18/2022,18:00,S-114,Lusail Stadium,Lusail,Qatar,T-03,Argentina,ARG,T-28,France,FRA,33,3,3,0,0,1,1,42,4,2,home team win,1,0,0,0.7142857142857143,0.6206896551724138
